# Blender 5.0.1
# www.blender.org
mtllib egg.mtl
o Egg_4
v -0.006665 -0.000913 -0.179964
v 0.011054 1.412421 -0.269042
v 0.027324 1.377768 -0.350838
v 0.043725 1.318905 -0.433289
v 0.059128 1.236326 -0.510725
v 0.072851 1.131167 -0.579716
v 0.084063 1.006408 -0.636082
v 0.091970 0.868036 -0.675831
v 0.096106 0.725522 -0.696623
v 0.096038 0.586679 -0.696280
v 0.091609 0.456148 -0.674018
v 0.083171 0.334762 -0.631594
v 0.070918 0.225716 -0.569996
v 0.055135 0.133817 -0.490649
v 0.036369 0.063913 -0.396309
v 0.016252 0.020671 -0.295175
v 0.028092 1.412421 -0.263873
v 0.060007 1.377768 -0.340924
v 0.092178 1.318905 -0.418591
v 0.122392 1.236326 -0.491534
v 0.149312 1.131167 -0.556522
v 0.171305 1.006408 -0.609618
v 0.186814 0.868036 -0.647061
v 0.194927 0.725523 -0.666646
v 0.194793 0.586679 -0.666323
v 0.186107 0.456148 -0.645353
v 0.169554 0.334762 -0.605390
v 0.145519 0.225716 -0.547366
v 0.114559 0.133817 -0.472623
v 0.077749 0.063913 -0.383756
v 0.038289 0.020671 -0.288491
v 0.043794 1.412421 -0.255481
v 0.090128 1.377768 -0.324824
v 0.136833 1.318905 -0.394723
v 0.180697 1.236326 -0.460370
v 0.219778 1.131167 -0.518857
v 0.251707 1.006408 -0.566642
v 0.274223 0.868036 -0.600340
v 0.286001 0.725522 -0.617967
v 0.285807 0.586679 -0.617675
v 0.273196 0.456148 -0.598803
v 0.249165 0.334762 -0.562837
v 0.214272 0.225716 -0.510617
v 0.169325 0.133817 -0.443350
v 0.115885 0.063913 -0.363372
v 0.058598 0.020671 -0.277635
v 0.057557 1.412421 -0.244186
v 0.116530 1.377768 -0.303158
v 0.175973 1.318905 -0.362601
v 0.231802 1.236326 -0.418429
v 0.281542 1.131168 -0.468169
v 0.322180 1.006408 -0.508807
v 0.350838 0.868036 -0.537464
v 0.365828 0.725523 -0.552455
v 0.365581 0.586679 -0.552207
v 0.349531 0.456148 -0.536157
v 0.318944 0.334762 -0.505571
v 0.274534 0.225716 -0.461161
v 0.217328 0.133817 -0.403956
v 0.149312 0.063913 -0.335940
v 0.076398 0.020671 -0.263027
v 0.068852 1.412421 -0.230423
v 0.138196 1.377768 -0.276757
v 0.208095 1.318905 -0.323461
v 0.273742 1.236326 -0.367325
v 0.332231 1.131168 -0.406406
v 0.380016 1.006408 -0.438334
v 0.413714 0.868036 -0.460850
v 0.431341 0.725523 -0.472628
v 0.431049 0.586679 -0.472433
v 0.412177 0.456148 -0.459823
v 0.376211 0.334762 -0.435792
v 0.323990 0.225716 -0.400899
v 0.256723 0.133817 -0.355953
v 0.176745 0.063913 -0.302514
v 0.091007 0.020671 -0.245226
v 0.077245 1.412421 -0.214721
v 0.154296 1.377768 -0.246636
v 0.231963 1.318905 -0.278807
v 0.304907 1.236326 -0.309021
v 0.369896 1.131168 -0.335940
v 0.422991 1.006408 -0.357933
v 0.460435 0.868036 -0.373442
v 0.480021 0.725523 -0.381555
v 0.479697 0.586679 -0.381421
v 0.458727 0.456148 -0.372735
v 0.418764 0.334762 -0.356181
v 0.360739 0.225716 -0.332147
v 0.285996 0.133817 -0.301187
v 0.197129 0.063913 -0.264378
v 0.101862 0.020671 -0.224917
v 0.082414 1.412421 -0.197683
v 0.164211 1.377768 -0.213953
v 0.246662 1.318905 -0.230354
v 0.324098 1.236326 -0.245757
v 0.393090 1.131168 -0.259480
v 0.449456 1.006408 -0.270692
v 0.489205 0.868036 -0.278598
v 0.509997 0.725523 -0.282734
v 0.509654 0.586679 -0.282666
v 0.487393 0.456148 -0.278238
v 0.444968 0.334762 -0.269799
v 0.383369 0.225716 -0.257546
v 0.304022 0.133817 -0.241763
v 0.209681 0.063913 -0.222998
v 0.108547 0.020671 -0.202881
v 0.084159 1.412421 -0.179964
v 0.167558 1.377768 -0.179964
v 0.251625 1.318905 -0.179964
v 0.330578 1.236326 -0.179964
v 0.400921 1.131167 -0.179964
v 0.458392 1.006408 -0.179964
v 0.498920 0.868036 -0.179964
v 0.520120 0.725523 -0.179964
v 0.519769 0.586679 -0.179964
v 0.497072 0.456148 -0.179964
v 0.453816 0.334762 -0.179964
v 0.391011 0.225716 -0.179964
v 0.310109 0.133817 -0.179964
v 0.213920 0.063913 -0.179964
v 0.110804 0.020671 -0.179964
v 0.082414 1.412421 -0.162246
v 0.164211 1.377768 -0.145975
v 0.246662 1.318905 -0.129575
v 0.324098 1.236326 -0.114172
v 0.393090 1.131168 -0.100449
v 0.449456 1.006408 -0.089237
v 0.489205 0.868036 -0.081330
v 0.509997 0.725523 -0.077194
v 0.509654 0.586679 -0.077263
v 0.487392 0.456148 -0.081691
v 0.444968 0.334762 -0.090130
v 0.383369 0.225716 -0.102382
v 0.304022 0.133817 -0.118165
v 0.209681 0.063913 -0.136931
v 0.108547 0.020671 -0.157047
v 0.077245 1.412421 -0.145208
v 0.154296 1.377768 -0.113292
v 0.231963 1.318905 -0.081122
v 0.304907 1.236326 -0.050908
v 0.369896 1.131168 -0.023989
v 0.422991 1.006408 -0.001996
v 0.460435 0.868036 0.013514
v 0.480020 0.725523 0.021626
v 0.479697 0.586679 0.021492
v 0.458727 0.456148 0.012806
v 0.418764 0.334762 -0.003747
v 0.360739 0.225716 -0.027781
v 0.285996 0.133817 -0.058741
v 0.197129 0.063913 -0.095551
v 0.101862 0.020671 -0.135011
v 0.068852 1.412421 -0.129506
v 0.138196 1.377768 -0.083172
v 0.208095 1.318905 -0.036467
v 0.273742 1.236326 0.007397
v 0.332231 1.131168 0.046477
v 0.380016 1.006408 0.078406
v 0.413713 0.868036 0.100922
v 0.431340 0.725523 0.112700
v 0.431049 0.586679 0.112505
v 0.412177 0.456148 0.099895
v 0.376211 0.334762 0.075863
v 0.323990 0.225716 0.040971
v 0.256723 0.133817 -0.003975
v 0.176744 0.063913 -0.057415
v 0.091007 0.020671 -0.114702
v 0.057557 1.412421 -0.115743
v 0.116529 1.377768 -0.056771
v 0.175973 1.318905 0.002673
v 0.231802 1.236326 0.058501
v 0.281542 1.131168 0.108241
v 0.322180 1.006408 0.148878
v 0.350838 0.868036 0.177536
v 0.365828 0.725523 0.192526
v 0.365580 0.586679 0.192279
v 0.349531 0.456148 0.176229
v 0.318944 0.334762 0.145643
v 0.274534 0.225716 0.101233
v 0.217328 0.133817 0.044027
v 0.149312 0.063913 -0.023988
v 0.076398 0.020671 -0.096902
v 0.043794 1.412421 -0.104448
v 0.090128 1.377768 -0.035104
v 0.136833 1.318905 0.034794
v 0.180697 1.236326 0.100441
v 0.219778 1.131167 0.158929
v 0.251707 1.006408 0.206714
v 0.274223 0.868036 0.240411
v 0.286001 0.725522 0.258038
v 0.285806 0.586679 0.257747
v 0.273196 0.456148 0.238875
v 0.249164 0.334762 0.202909
v 0.214272 0.225716 0.150688
v 0.169325 0.133817 0.083422
v 0.115885 0.063913 0.003444
v 0.058598 0.020671 -0.082293
v 0.028092 1.412421 -0.096055
v 0.060007 1.377768 -0.019004
v 0.092178 1.318905 0.058662
v 0.122392 1.236326 0.131605
v 0.149312 1.131168 0.196594
v 0.171305 1.006408 0.249689
v 0.186814 0.868036 0.287132
v 0.194927 0.725522 0.306718
v 0.194793 0.586679 0.306394
v 0.186107 0.456148 0.285425
v 0.169554 0.334762 0.245461
v 0.145519 0.225716 0.187437
v 0.114559 0.133817 0.112694
v 0.077749 0.063913 0.023828
v 0.038289 0.020671 -0.071438
v 0.011054 1.412421 -0.090887
v 0.027324 1.377768 -0.009090
v 0.043725 1.318905 0.073360
v 0.059128 1.236326 0.150796
v 0.072851 1.131167 0.219787
v 0.084063 1.006408 0.276153
v 0.091970 0.868036 0.315903
v 0.096106 0.725523 0.336695
v 0.096037 0.586679 0.336351
v 0.091609 0.456148 0.314090
v 0.083171 0.334762 0.271665
v 0.070918 0.225716 0.210067
v 0.055135 0.133817 0.130720
v 0.036369 0.063913 0.036380
v 0.016252 0.020671 -0.064753
v -0.006665 1.412421 -0.089141
v -0.006665 1.377768 -0.005743
v -0.006665 1.318905 0.078323
v -0.006665 1.236326 0.157276
v -0.006665 1.131167 0.227619
v -0.006665 1.006408 0.285089
v -0.006665 0.868036 0.325617
v -0.006665 0.725523 0.346817
v -0.006665 0.586679 0.346466
v -0.006665 0.456148 0.323769
v -0.006665 0.334762 0.280513
v -0.006665 0.225716 0.217708
v -0.006665 0.133817 0.136807
v -0.006665 0.063913 0.040619
v -0.006665 0.020671 -0.062496
v -0.024383 1.412421 -0.090887
v -0.040654 1.377768 -0.009090
v -0.057055 1.318905 0.073360
v -0.072457 1.236326 0.150796
v -0.086181 1.131167 0.219787
v -0.097393 1.006408 0.276153
v -0.105299 0.868036 0.315903
v -0.109435 0.725523 0.336695
v -0.109367 0.586679 0.336351
v -0.104939 0.456148 0.314090
v -0.096500 0.334762 0.271665
v -0.084247 0.225716 0.210067
v -0.068464 0.133817 0.130720
v -0.049699 0.063913 0.036380
v -0.029582 0.020671 -0.064753
v -0.006665 1.426885 -0.179964
v -0.041421 1.412421 -0.096055
v -0.073337 1.377768 -0.019004
v -0.105508 1.318905 0.058662
v -0.135722 1.236326 0.131605
v -0.162641 1.131167 0.196594
v -0.184634 1.006408 0.249689
v -0.200144 0.868036 0.287132
v -0.208256 0.725523 0.306718
v -0.208122 0.586679 0.306394
v -0.199436 0.456148 0.285424
v -0.182883 0.334762 0.245461
v -0.158848 0.225716 0.187437
v -0.127889 0.133817 0.112694
v -0.091079 0.063913 0.023828
v -0.051618 0.020671 -0.071438
v -0.057123 1.412421 -0.104448
v -0.103458 1.377768 -0.035104
v -0.150162 1.318905 0.034794
v -0.194027 1.236326 0.100441
v -0.233107 1.131167 0.158929
v -0.265036 1.006408 0.206714
v -0.287553 0.868036 0.240411
v -0.299331 0.725523 0.258038
v -0.299136 0.586679 0.257747
v -0.286526 0.456148 0.238874
v -0.262494 0.334762 0.202909
v -0.227601 0.225716 0.150688
v -0.182655 0.133817 0.083421
v -0.129215 0.063913 0.003444
v -0.071927 0.020671 -0.082293
v -0.070887 1.412421 -0.115743
v -0.129859 1.377768 -0.056771
v -0.189303 1.318905 0.002673
v -0.245131 1.236326 0.058501
v -0.294871 1.131167 0.108241
v -0.335509 1.006408 0.148878
v -0.364167 0.868036 0.177536
v -0.379158 0.725523 0.192526
v -0.378910 0.586679 0.192278
v -0.362860 0.456148 0.176229
v -0.332273 0.334762 0.145642
v -0.287864 0.225716 0.101233
v -0.230657 0.133817 0.044027
v -0.162642 0.063913 -0.023989
v -0.089728 0.020671 -0.096902
v -0.082181 1.412421 -0.129506
v -0.151526 1.377768 -0.083172
v -0.221424 1.318905 -0.036467
v -0.287072 1.236326 0.007396
v -0.345560 1.131168 0.046477
v -0.393345 1.006408 0.078406
v -0.427043 0.868036 0.100922
v -0.444670 0.725522 0.112699
v -0.444379 0.586679 0.112505
v -0.425506 0.456148 0.099895
v -0.389540 0.334762 0.075863
v -0.337320 0.225716 0.040971
v -0.270052 0.133817 -0.003976
v -0.190074 0.063913 -0.057415
v -0.104336 0.020671 -0.114703
v -0.090575 1.412421 -0.145208
v -0.167626 1.377768 -0.113293
v -0.245293 1.318905 -0.081122
v -0.318236 1.236326 -0.050908
v -0.383225 1.131168 -0.023989
v -0.436321 1.006408 -0.001996
v -0.473764 0.868036 0.013513
v -0.493350 0.725522 0.021626
v -0.493026 0.586679 0.021492
v -0.472056 0.456148 0.012806
v -0.432093 0.334762 -0.003747
v -0.374069 0.225716 -0.027782
v -0.299325 0.133817 -0.058741
v -0.210458 0.063913 -0.095551
v -0.115192 0.020671 -0.135011
v -0.095743 1.412421 -0.162246
v -0.177540 1.377768 -0.145975
v -0.259991 1.318905 -0.129575
v -0.337427 1.236326 -0.114172
v -0.406419 1.131167 -0.100449
v -0.462785 1.006408 -0.089237
v -0.502535 0.868037 -0.081330
v -0.523327 0.725523 -0.077195
v -0.522983 0.586679 -0.077263
v -0.500722 0.456148 -0.081691
v -0.458297 0.334762 -0.090130
v -0.396699 0.225716 -0.102382
v -0.317351 0.133817 -0.118165
v -0.223011 0.063913 -0.136931
v -0.121877 0.020671 -0.157047
v -0.097488 1.412421 -0.179964
v -0.180888 1.377768 -0.179964
v -0.264954 1.318905 -0.179964
v -0.343907 1.236326 -0.179964
v -0.414250 1.131168 -0.179964
v -0.471721 1.006408 -0.179964
v -0.512249 0.868036 -0.179964
v -0.533449 0.725523 -0.179964
v -0.533099 0.586679 -0.179964
v -0.510401 0.456148 -0.179964
v -0.467145 0.334762 -0.179964
v -0.404340 0.225716 -0.179964
v -0.323438 0.133817 -0.179964
v -0.227249 0.063913 -0.179964
v -0.124134 0.020671 -0.179964
v -0.095743 1.412421 -0.197683
v -0.177540 1.377768 -0.213953
v -0.259991 1.318905 -0.230354
v -0.337427 1.236326 -0.245757
v -0.406419 1.131168 -0.259480
v -0.462785 1.006408 -0.270692
v -0.502535 0.868036 -0.278598
v -0.523327 0.725523 -0.282734
v -0.522983 0.586679 -0.282666
v -0.500722 0.456148 -0.278238
v -0.458297 0.334762 -0.269799
v -0.396699 0.225716 -0.257546
v -0.317351 0.133817 -0.241763
v -0.223011 0.063913 -0.222998
v -0.121877 0.020671 -0.202881
v -0.090575 1.412421 -0.214721
v -0.167626 1.377768 -0.246636
v -0.245293 1.318905 -0.278807
v -0.318236 1.236326 -0.309021
v -0.383225 1.131168 -0.335940
v -0.436321 1.006408 -0.357933
v -0.473764 0.868036 -0.373442
v -0.493350 0.725523 -0.381555
v -0.493026 0.586679 -0.381421
v -0.472056 0.456148 -0.372735
v -0.432093 0.334762 -0.356181
v -0.374069 0.225716 -0.332147
v -0.299325 0.133817 -0.301187
v -0.210458 0.063913 -0.264378
v -0.115192 0.020671 -0.224917
v -0.082182 1.412421 -0.230423
v -0.151526 1.377768 -0.276757
v -0.221424 1.318905 -0.323461
v -0.287072 1.236326 -0.367325
v -0.345560 1.131168 -0.406405
v -0.393345 1.006408 -0.438334
v -0.427043 0.868036 -0.460850
v -0.444669 0.725523 -0.472628
v -0.444378 0.586679 -0.472433
v -0.425506 0.456148 -0.459823
v -0.389540 0.334762 -0.435792
v -0.337319 0.225716 -0.400899
v -0.270052 0.133817 -0.355953
v -0.190074 0.063913 -0.302514
v -0.104336 0.020671 -0.245226
v -0.070887 1.412421 -0.244186
v -0.129859 1.377768 -0.303158
v -0.189303 1.318905 -0.362601
v -0.245131 1.236326 -0.418429
v -0.294871 1.131167 -0.468169
v -0.335509 1.006408 -0.508807
v -0.364167 0.868036 -0.537464
v -0.379157 0.725523 -0.552454
v -0.378909 0.586679 -0.552207
v -0.362860 0.456148 -0.536157
v -0.332273 0.334762 -0.505571
v -0.287863 0.225716 -0.461161
v -0.230657 0.133817 -0.403955
v -0.162641 0.063913 -0.335940
v -0.089728 0.020671 -0.263027
v -0.057123 1.412421 -0.255481
v -0.103458 1.377768 -0.324824
v -0.150162 1.318905 -0.394722
v -0.194027 1.236326 -0.460369
v -0.233107 1.131168 -0.518857
v -0.265036 1.006408 -0.566642
v -0.287552 0.868036 -0.600340
v -0.299330 0.725523 -0.617966
v -0.299135 0.586679 -0.617675
v -0.286525 0.456148 -0.598803
v -0.262494 0.334762 -0.562837
v -0.227601 0.225716 -0.510617
v -0.182655 0.133817 -0.443350
v -0.129215 0.063913 -0.363372
v -0.071927 0.020671 -0.277635
v -0.041421 1.412421 -0.263873
v -0.073337 1.377768 -0.340924
v -0.105508 1.318905 -0.418591
v -0.135722 1.236326 -0.491534
v -0.162641 1.131168 -0.556522
v -0.184634 1.006408 -0.609618
v -0.200143 0.868036 -0.647061
v -0.208256 0.725523 -0.666646
v -0.208122 0.586679 -0.666323
v -0.199436 0.456148 -0.645353
v -0.182883 0.334762 -0.605390
v -0.158848 0.225716 -0.547366
v -0.127889 0.133817 -0.472623
v -0.091079 0.063913 -0.383756
v -0.051618 0.020671 -0.288491
v -0.024383 1.412421 -0.269042
v -0.040654 1.377768 -0.350838
v -0.057054 1.318905 -0.433289
v -0.072457 1.236326 -0.510725
v -0.086181 1.131168 -0.579716
v -0.097393 1.006408 -0.636082
v -0.105299 0.868036 -0.675831
v -0.109435 0.725523 -0.696623
v -0.109367 0.586679 -0.696280
v -0.104939 0.456148 -0.674018
v -0.096500 0.334762 -0.631594
v -0.084247 0.225716 -0.569996
v -0.068464 0.133817 -0.490649
v -0.049699 0.063913 -0.396309
v -0.029582 0.020671 -0.295175
v -0.006665 1.412421 -0.270787
v -0.006665 1.377768 -0.354186
v -0.006665 1.318905 -0.438252
v -0.006665 1.236326 -0.517205
v -0.006665 1.131167 -0.587547
v -0.006665 1.006408 -0.645018
v -0.006665 0.868036 -0.685546
v -0.006665 0.725523 -0.706745
v -0.006665 0.586679 -0.706395
v -0.006665 0.456148 -0.683697
v -0.006665 0.334762 -0.640442
v -0.006665 0.225716 -0.577637
v -0.006665 0.133817 -0.496736
v -0.006665 0.063913 -0.400547
v -0.006665 0.020671 -0.297432
v 0.018992 1.398209 -0.308947
v 0.035615 1.351320 -0.392515
v 0.051590 1.280538 -0.472829
v 0.066249 1.186430 -0.546527
v 0.078826 1.070948 -0.609753
v 0.088463 0.938354 -0.658200
v 0.094537 0.796751 -0.688738
v 0.096618 0.655261 -0.699198
v 0.094350 0.520306 -0.687797
v 0.087876 0.394175 -0.655249
v 0.077508 0.278409 -0.603127
v 0.063439 0.177312 -0.532398
v 0.046079 0.095836 -0.445124
v 0.026214 0.038613 -0.345255
v 0.043662 1.398209 -0.301464
v 0.076269 1.351320 -0.380183
v 0.107606 1.280538 -0.455837
v 0.136362 1.186430 -0.525259
v 0.161032 1.070948 -0.584816
v 0.179935 0.938354 -0.630453
v 0.191850 0.796751 -0.659219
v 0.195932 0.655261 -0.669072
v 0.191483 0.520306 -0.658332
v 0.178784 0.394175 -0.627673
v 0.158446 0.278409 -0.578575
v 0.130849 0.177312 -0.511949
v 0.096796 0.095836 -0.429740
v 0.057829 0.038613 -0.335665
v 0.111651 1.131168 -0.569996
v 0.091231 1.236326 -0.502682
v 0.085289 0.133817 -0.483094
v 0.108774 0.225716 -0.560512
v 0.128334 1.006408 -0.624991
v 0.057367 0.063913 -0.391048
v 0.140098 0.868036 -0.663774
v 0.027745 0.020811 -0.293398
v 0.146252 0.725522 -0.684060
v 0.019938 1.412314 -0.267662
v 0.146151 0.586679 -0.683725
v 0.043909 1.377768 -0.346683
v 0.139562 0.456148 -0.662005
v 0.068312 1.318905 -0.427129
v 0.127005 0.334762 -0.620612
v 0.066399 1.398209 -0.289311
v 0.113736 1.351320 -0.360156
v 0.159231 1.280538 -0.428243
v 0.200978 1.186430 -0.490721
v 0.236793 1.070948 -0.544322
v 0.264236 0.938354 -0.585393
v 0.281535 0.796751 -0.611282
v 0.287460 0.655261 -0.620149
v 0.281001 0.520306 -0.610484
v 0.262564 0.394175 -0.582891
v 0.233039 0.278409 -0.538704
v 0.192974 0.177312 -0.478743
v 0.143537 0.095836 -0.404756
v 0.086966 0.038613 -0.320091
v 0.241494 0.586679 -0.644233
v 0.241659 0.725522 -0.644542
v 0.075463 1.377768 -0.333614
v 0.036536 1.412314 -0.260787
v 0.230794 0.456148 -0.624216
v 0.115091 1.318905 -0.407753
v 0.210404 0.334762 -0.586068
v 0.152310 1.236326 -0.477383
v 0.180797 0.225716 -0.530679
v 0.185469 1.131168 -0.539419
v 0.142661 0.133817 -0.459331
v 0.212561 1.006408 -0.590103
v 0.097318 0.063913 -0.374500
v 0.231666 0.868036 -0.625846
v 0.049214 0.020811 -0.284505
v 0.086328 1.398209 -0.272956
v 0.146577 1.351320 -0.333205
v 0.204481 1.280539 -0.391108
v 0.257614 1.186430 -0.444241
v 0.303198 1.070948 -0.489825
v 0.338127 0.938354 -0.524753
v 0.360143 0.796751 -0.546770
v 0.367684 0.655261 -0.554311
v 0.359465 0.520306 -0.546091
v 0.335999 0.394175 -0.522626
v 0.298420 0.278409 -0.485047
v 0.247427 0.177312 -0.434055
v 0.184506 0.095836 -0.371134
v 0.112504 0.038613 -0.299133
v 0.194293 0.133817 -0.424831
v 0.245617 0.225716 -0.487368
v 0.288363 1.006408 -0.539454
v 0.251904 1.131168 -0.495029
v 0.133272 0.063913 -0.350477
v 0.314074 0.868036 -0.570783
v 0.068535 0.020811 -0.271595
v 0.327523 0.725522 -0.587170
v 0.051474 1.412314 -0.250806
v 0.327300 0.586679 -0.586899
v 0.103861 1.377768 -0.314639
v 0.312901 0.456148 -0.569354
v 0.157192 1.318905 -0.379622
v 0.285460 0.334762 -0.535917
v 0.207279 1.236326 -0.440654
v 0.102682 1.398209 -0.253027
v 0.173528 1.351320 -0.300365
v 0.241616 1.280539 -0.345859
v 0.304094 1.186430 -0.387605
v 0.357695 1.070948 -0.423420
v 0.398767 0.938354 -0.450863
v 0.424656 0.796751 -0.468162
v 0.433523 0.655261 -0.474087
v 0.423858 0.520307 -0.467628
v 0.396265 0.394175 -0.449192
v 0.352077 0.278409 -0.419667
v 0.292116 0.177312 -0.379602
v 0.218129 0.095836 -0.330165
v 0.133463 0.038613 -0.273594
v 0.382727 0.456148 -0.499528
v 0.400273 0.586679 -0.513927
v 0.192995 1.318905 -0.343819
v 0.128011 1.377768 -0.290489
v 0.349290 0.334762 -0.472087
v 0.254026 1.236326 -0.393907
v 0.300741 0.225716 -0.432244
v 0.308402 1.131168 -0.438531
v 0.238204 0.133817 -0.380921
v 0.352828 1.006408 -0.474990
v 0.163849 0.063913 -0.319900
v 0.384156 0.868036 -0.500701
v 0.084967 0.020811 -0.255164
v 0.400544 0.725522 -0.514149
v 0.064177 1.412314 -0.238102
v 0.114835 1.398209 -0.230291
v 0.193555 1.351320 -0.262897
v 0.269210 1.280539 -0.294234
v 0.338632 1.186430 -0.322990
v 0.398190 1.070948 -0.347659
v 0.443827 0.938354 -0.366563
v 0.472593 0.796751 -0.378478
v 0.482446 0.655261 -0.382559
v 0.471706 0.520307 -0.378111
v 0.441047 0.394175 -0.365411
v 0.391948 0.278409 -0.345074
v 0.325322 0.177312 -0.317477
v 0.243112 0.095836 -0.283425
v 0.149037 0.038613 -0.244458
v 0.187873 0.063913 -0.283946
v 0.272703 0.133817 -0.329289
v 0.439220 0.868036 -0.418293
v 0.403477 1.006408 -0.399188
v 0.097877 0.020811 -0.235842
v 0.457916 0.725523 -0.428286
v 0.074158 1.412314 -0.223165
v 0.457607 0.586679 -0.428121
v 0.146986 1.377768 -0.262091
v 0.437590 0.456148 -0.417422
v 0.221125 1.318905 -0.301720
v 0.399441 0.334762 -0.397031
v 0.290756 1.236326 -0.338938
v 0.344052 0.225716 -0.367425
v 0.352793 1.131168 -0.372097
v 0.122319 1.398209 -0.205620
v 0.205887 1.351320 -0.222243
v 0.286202 1.280539 -0.238219
v 0.359900 1.186430 -0.252878
v 0.423126 1.070948 -0.265454
v 0.471574 0.938354 -0.275091
v 0.502113 0.796751 -0.281166
v 0.512572 0.655261 -0.283246
v 0.501171 0.520306 -0.280978
v 0.468623 0.394175 -0.274504
v 0.416501 0.278409 -0.264136
v 0.345771 0.177312 -0.250068
v 0.258497 0.095836 -0.232708
v 0.158628 0.038613 -0.212843
v 0.240502 1.318905 -0.254941
v 0.160056 1.377768 -0.230538
v 0.433986 0.334762 -0.313633
v 0.475379 0.456148 -0.326190
v 0.316055 1.236326 -0.277860
v 0.373885 0.225716 -0.295402
v 0.383369 1.131168 -0.298279
v 0.296467 0.133817 -0.271918
v 0.438365 1.006408 -0.314962
v 0.204421 0.063913 -0.243996
v 0.477148 0.868036 -0.326726
v 0.106769 0.020811 -0.214374
v 0.497434 0.725523 -0.332880
v 0.081034 1.412314 -0.206567
v 0.497099 0.586679 -0.332778
v 0.124846 1.398209 -0.179964
v 0.210052 1.351320 -0.179964
v 0.291940 1.280538 -0.179964
v 0.367081 1.186430 -0.179964
v 0.431547 1.070948 -0.179964
v 0.480944 0.938354 -0.179964
v 0.512080 0.796751 -0.179964
v 0.522745 0.655261 -0.179964
v 0.511120 0.520306 -0.179964
v 0.477935 0.394175 -0.179964
v 0.424791 0.278409 -0.179964
v 0.352676 0.177312 -0.179964
v 0.263692 0.095836 -0.179964
v 0.161866 0.038613 -0.179964
v 0.496484 0.868036 -0.229520
v 0.456151 1.006408 -0.225547
v 0.111303 0.020811 -0.191583
v 0.212857 0.063913 -0.201585
v 0.517581 0.725523 -0.231598
v 0.084538 1.412314 -0.188947
v 0.517232 0.586679 -0.231563
v 0.166719 1.377768 -0.197041
v 0.494644 0.456148 -0.229339
v 0.250380 1.318905 -0.205281
v 0.451597 0.334762 -0.225099
v 0.328953 1.236326 -0.213019
v 0.389094 0.225716 -0.218943
v 0.398957 1.131168 -0.219914
v 0.308582 0.133817 -0.211013
v 0.122319 1.398209 -0.154308
v 0.205887 1.351320 -0.137685
v 0.286202 1.280538 -0.121710
v 0.359900 1.186430 -0.107050
v 0.423127 1.070948 -0.094474
v 0.471574 0.938354 -0.084837
v 0.502113 0.796751 -0.078763
v 0.512572 0.655261 -0.076682
v 0.501171 0.520306 -0.078950
v 0.468623 0.394175 -0.085424
v 0.416500 0.278409 -0.095792
v 0.345771 0.177312 -0.109861
v 0.258497 0.095836 -0.127221
v 0.158628 0.038613 -0.147086
v 0.451597 0.334762 -0.134830
v 0.494644 0.456148 -0.130590
v 0.328953 1.236326 -0.146909
v 0.250380 1.318904 -0.154648
v 0.389094 0.225716 -0.140986
v 0.398957 1.131168 -0.140014
v 0.308582 0.133817 -0.148915
v 0.456150 1.006408 -0.134381
v 0.212857 0.063913 -0.158343
v 0.496484 0.868036 -0.130409
v 0.111303 0.020811 -0.168346
v 0.517581 0.725523 -0.128331
v 0.084538 1.412314 -0.170982
v 0.517232 0.586679 -0.128365
v 0.166719 1.377768 -0.162888
v 0.114835 1.398209 -0.129638
v 0.193555 1.351320 -0.097031
v 0.269210 1.280539 -0.065694
v 0.338632 1.186430 -0.036939
v 0.398190 1.070948 -0.012269
v 0.443827 0.938354 0.006634
v 0.472593 0.796751 0.018550
v 0.482446 0.655261 0.022631
v 0.471706 0.520307 0.018182
v 0.441047 0.394175 0.005483
v 0.391948 0.278409 -0.014854
v 0.325322 0.177312 -0.042452
v 0.243112 0.095836 -0.076504
v 0.149037 0.038613 -0.115471
v 0.106769 0.020811 -0.145555
v 0.204421 0.063913 -0.115933
v 0.497434 0.725523 -0.027048
v 0.477148 0.868036 -0.033202
v 0.081034 1.412314 -0.153361
v 0.497099 0.586679 -0.027150
v 0.160056 1.377768 -0.129390
v 0.475379 0.456148 -0.033739
v 0.240502 1.318905 -0.104988
v 0.433986 0.334762 -0.046295
v 0.316055 1.236326 -0.082069
v 0.373885 0.225716 -0.064526
v 0.383369 1.131168 -0.061649
v 0.296467 0.133817 -0.088011
v 0.438365 1.006408 -0.044967
v 0.102682 1.398209 -0.106901
v 0.173528 1.351320 -0.059564
v 0.241616 1.280538 -0.014070
v 0.304094 1.186430 0.027677
v 0.357695 1.070948 0.063492
v 0.398767 0.938354 0.090935
v 0.424656 0.796751 0.108233
v 0.433523 0.655261 0.114158
v 0.423858 0.520307 0.107700
v 0.396265 0.394175 0.089263
v 0.352077 0.278409 0.059738
v 0.292116 0.177312 0.019673
v 0.218128 0.095836 -0.029763
v 0.133463 0.038613 -0.086334
v 0.290756 1.236326 -0.020991
v 0.221125 1.318904 -0.058209
v 0.344052 0.225716 0.007497
v 0.399441 0.334762 0.037103
v 0.352793 1.131168 0.012169
v 0.272703 0.133817 -0.030640
v 0.403477 1.006408 0.039260
v 0.187873 0.063913 -0.075983
v 0.439219 0.868036 0.058364
v 0.097877 0.020811 -0.124086
v 0.457916 0.725523 0.068358
v 0.074158 1.412314 -0.136764
v 0.457607 0.586679 0.068193
v 0.146986 1.377768 -0.097837
v 0.437589 0.456148 0.057493
v 0.086327 1.398209 -0.086973
v 0.146577 1.351320 -0.026724
v 0.204480 1.280539 0.031180
v 0.257614 1.186430 0.084313
v 0.303198 1.070948 0.129896
v 0.338126 0.938354 0.164825
v 0.360143 0.796751 0.186841
v 0.367684 0.655261 0.194383
v 0.359465 0.520307 0.186163
v 0.335999 0.394175 0.162697
v 0.298420 0.278409 0.125119
v 0.247427 0.177312 0.074126
v 0.184506 0.095836 0.011205
v 0.112504 0.038613 -0.060796
v 0.400543 0.725523 0.154221
v 0.384156 0.868036 0.140772
v 0.064177 1.412314 -0.121826
v 0.084967 0.020811 -0.104765
v 0.400273 0.586679 0.153999
v 0.128011 1.377768 -0.069440
v 0.382727 0.456148 0.139600
v 0.192995 1.318905 -0.016109
v 0.349290 0.334762 0.112159
v 0.254026 1.236326 0.033978
v 0.300741 0.225716 0.072316
v 0.308402 1.131168 0.078603
v 0.238203 0.133817 0.020993
v 0.352827 1.006408 0.115061
v 0.163849 0.063913 -0.040028
v 0.066399 1.398209 -0.070618
v 0.113736 1.351320 0.000228
v 0.159231 1.280538 0.068315
v 0.200977 1.186430 0.130792
v 0.236793 1.070948 0.184393
v 0.264236 0.938354 0.225465
v 0.281534 0.796751 0.251354
v 0.287460 0.655261 0.260221
v 0.281001 0.520307 0.250555
v 0.262564 0.394175 0.222963
v 0.233039 0.278409 0.178776
v 0.192974 0.177312 0.118814
v 0.143537 0.095836 0.044828
v 0.086966 0.038613 -0.039837
v 0.245617 0.225716 0.127440
v 0.285460 0.334762 0.175988
v 0.251904 1.131168 0.135101
v 0.207279 1.236326 0.080725
v 0.194293 0.133817 0.064902
v 0.288363 1.006408 0.179526
v 0.133272 0.063913 -0.009452
v 0.314074 0.868036 0.210854
v 0.068535 0.020811 -0.088333
v 0.327522 0.725522 0.227241
v 0.051474 1.412314 -0.109123
v 0.327300 0.586679 0.226971
v 0.103861 1.377768 -0.045290
v 0.312901 0.456148 0.209425
v 0.157192 1.318905 0.019694
v 0.043662 1.398209 -0.058465
v 0.076269 1.351320 0.020254
v 0.107606 1.280538 0.095908
v 0.136362 1.186430 0.165330
v 0.161031 1.070948 0.224888
v 0.179935 0.938354 0.270524
v 0.191850 0.796751 0.299291
v 0.195931 0.655261 0.309143
v 0.191483 0.520307 0.298404
v 0.178783 0.394175 0.267744
v 0.158446 0.278409 0.218646
v 0.130849 0.177312 0.152021
v 0.096796 0.095836 0.069811
v 0.057829 0.038613 -0.024263
v 0.049214 0.020811 -0.075423
v 0.241494 0.586679 0.284304
v 0.241659 0.725522 0.284613
v 0.075463 1.377768 -0.026315
v 0.036536 1.412314 -0.099142
v 0.230794 0.456148 0.264287
v 0.115091 1.318905 0.047824
v 0.210403 0.334762 0.226139
v 0.152310 1.236326 0.117454
v 0.180797 0.225716 0.170750
v 0.185469 1.131168 0.179491
v 0.142661 0.133817 0.099402
v 0.212561 1.006408 0.230175
v 0.097318 0.063913 0.014572
v 0.231665 0.868036 0.265917
v 0.018992 1.398209 -0.050981
v 0.035615 1.351320 0.032587
v 0.051590 1.280539 0.112901
v 0.066249 1.186430 0.186598
v 0.078826 1.070948 0.249824
v 0.088463 0.938354 0.298272
v 0.094537 0.796751 0.328810
v 0.096618 0.655261 0.339270
v 0.094350 0.520307 0.327868
v 0.087876 0.394175 0.295321
v 0.077508 0.278409 0.243198
v 0.063439 0.177312 0.172469
v 0.046079 0.095836 0.085196
v 0.026214 0.038613 -0.014673
v 0.085289 0.133817 0.123166
v 0.108774 0.225716 0.200583
v 0.128333 1.006408 0.265062
v 0.111651 1.131168 0.210067
v 0.057367 0.063913 0.031120
v 0.140098 0.868036 0.303845
v 0.027745 0.020811 -0.066531
v 0.146252 0.725523 0.324132
v 0.019938 1.412314 -0.092267
v 0.146150 0.586679 0.323797
v 0.043909 1.377768 -0.013245
v 0.139562 0.456148 0.302076
v 0.068312 1.318905 0.067201
v 0.127005 0.334762 0.260684
v 0.091231 1.236326 0.142754
v -0.006665 1.398209 -0.048454
v -0.006665 1.351320 0.036751
v -0.006665 1.280538 0.118638
v -0.006665 1.186430 0.193779
v -0.006665 1.070948 0.258244
v -0.006665 0.938354 0.307641
v -0.006665 0.796751 0.338777
v -0.006665 0.655261 0.349442
v -0.006665 0.520307 0.337817
v -0.006665 0.394175 0.304632
v -0.006665 0.278409 0.251488
v -0.006665 0.177312 0.179374
v -0.006665 0.095836 0.090390
v -0.006665 0.038613 -0.011435
v 0.010412 1.377768 -0.006582
v 0.002318 1.412314 -0.088762
v 0.042710 0.456148 0.321341
v 0.044934 0.586679 0.343929
v 0.018652 1.318905 0.077078
v 0.038470 0.334762 0.278294
v 0.026391 1.236326 0.155651
v 0.032314 0.225716 0.215792
v 0.033285 1.131168 0.225655
v 0.024384 0.133817 0.135281
v 0.038918 1.006408 0.282848
v 0.014956 0.063913 0.039556
v 0.042891 0.868036 0.323181
v 0.004954 0.020811 -0.061998
v 0.044969 0.725523 0.344278
v -0.032321 1.398209 -0.050981
v -0.048944 1.351320 0.032587
v -0.064920 1.280538 0.112901
v -0.079579 1.186430 0.186598
v -0.092155 1.070948 0.249824
v -0.101792 0.938354 0.298272
v -0.107867 0.796751 0.328810
v -0.109947 0.655261 0.339269
v -0.107680 0.520307 0.327868
v -0.101205 0.394175 0.295320
v -0.090838 0.278409 0.243198
v -0.076768 0.177312 0.172469
v -0.059409 0.095836 0.085196
v -0.039543 0.038613 -0.014673
v -0.052248 1.006408 0.282848
v -0.046615 1.131168 0.225655
v -0.028286 0.063913 0.039556
v -0.037714 0.133817 0.135280
v -0.056221 0.868036 0.323181
v -0.018284 0.020811 -0.061997
v -0.058298 0.725523 0.344278
v -0.015647 1.412314 -0.088762
v -0.058264 0.586679 0.343929
v -0.023741 1.377768 -0.006582
v -0.056039 0.456148 0.321341
v -0.031981 1.318905 0.077079
v -0.051800 0.334762 0.278294
v -0.039720 1.236326 0.155651
v -0.045644 0.225716 0.215792
v -0.027144 1.420706 -0.130522
v -0.056992 1.398209 -0.058465
v -0.089598 1.351320 0.020254
v -0.120936 1.280538 0.095908
v -0.149691 1.186430 0.165330
v -0.174361 1.070948 0.224888
v -0.193264 0.938354 0.270524
v -0.205180 0.796751 0.299290
v -0.209261 0.655261 0.309143
v -0.204812 0.520307 0.298404
v -0.192113 0.394175 0.267744
v -0.171776 0.278409 0.218646
v -0.144178 0.177312 0.152021
v -0.110126 0.095836 0.069811
v -0.071159 0.038613 -0.024263
v -0.152891 0.456148 0.302076
v -0.159480 0.586679 0.323797
v -0.081642 1.318905 0.067201
v -0.057239 1.377768 -0.013245
v -0.140335 0.334762 0.260683
v -0.104561 1.236326 0.142754
v -0.122103 0.225716 0.200583
v -0.124980 1.131168 0.210067
v -0.098619 0.133817 0.123166
v -0.141663 1.006408 0.265062
v -0.070697 0.063913 0.031120
v -0.153428 0.868036 0.303845
v -0.041075 0.020811 -0.066531
v -0.159582 0.725523 0.324132
v -0.033268 1.412314 -0.092267
v -0.079728 1.398209 -0.070618
v -0.127066 1.351320 0.000228
v -0.172560 1.280538 0.068315
v -0.214307 1.186430 0.130792
v -0.250122 1.070948 0.184393
v -0.277565 0.938354 0.225465
v -0.294864 0.796751 0.251353
v -0.300789 0.655261 0.260221
v -0.294331 0.520307 0.250555
v -0.275893 0.394175 0.222963
v -0.246368 0.278409 0.178775
v -0.206303 0.177312 0.118814
v -0.156867 0.095836 0.044827
v -0.100295 0.038613 -0.039837
v -0.110647 0.063913 0.014572
v -0.155990 0.133817 0.099402
v -0.244995 0.868036 0.265917
v -0.225890 1.006408 0.230175
v -0.062543 0.020811 -0.075423
v -0.254988 0.725523 0.284613
v -0.049866 1.412314 -0.099142
v -0.254823 0.586679 0.284304
v -0.088792 1.377768 -0.026315
v -0.244123 0.456148 0.264287
v -0.128421 1.318905 0.047824
v -0.223733 0.334762 0.226139
v -0.165639 1.236326 0.117454
v -0.194127 0.225716 0.170750
v -0.198799 1.131168 0.179491
v -0.099657 1.398209 -0.086973
v -0.159906 1.351320 -0.026724
v -0.217810 1.280538 0.031180
v -0.270943 1.186430 0.084312
v -0.316527 1.070948 0.129896
v -0.351456 0.938354 0.164825
v -0.373473 0.796751 0.186841
v -0.381014 0.655261 0.194382
v -0.372794 0.520307 0.186163
v -0.349328 0.394175 0.162697
v -0.311750 0.278409 0.125119
v -0.260757 0.177312 0.074126
v -0.197836 0.095836 0.011205
v -0.125834 0.038613 -0.060796
v -0.170521 1.318905 0.019694
v -0.117190 1.377768 -0.045290
v -0.298789 0.334762 0.175988
v -0.326230 0.456148 0.209425
v -0.220608 1.236326 0.080725
v -0.258946 0.225716 0.127440
v -0.265234 1.131168 0.135101
v -0.207623 0.133817 0.064902
v -0.301692 1.006408 0.179526
v -0.146601 0.063913 -0.009452
v -0.327403 0.868036 0.210854
v -0.081865 0.020811 -0.088334
v -0.340852 0.725523 0.227241
v -0.064803 1.412314 -0.109123
v -0.340630 0.586679 0.226970
v -0.116012 1.398209 -0.106901
v -0.186858 1.351320 -0.059564
v -0.254945 1.280538 -0.014070
v -0.317423 1.186430 0.027677
v -0.371024 1.070948 0.063491
v -0.412096 0.938354 0.090935
v -0.437985 0.796751 0.108233
v -0.446853 0.655261 0.114158
v -0.437187 0.520307 0.107700
v -0.409594 0.394175 0.089263
v -0.365407 0.278409 0.059738
v -0.305445 0.177312 0.019673
v -0.231458 0.095836 -0.029763
v -0.146793 0.038613 -0.086334
v -0.397485 0.868036 0.140772
v -0.366157 1.006408 0.115061
v -0.098296 0.020811 -0.104765
v -0.177178 0.063913 -0.040028
v -0.413873 0.725522 0.154221
v -0.077507 1.412314 -0.121826
v -0.413602 0.586679 0.153998
v -0.141340 1.377768 -0.069440
v -0.396057 0.456148 0.139599
v -0.206324 1.318905 -0.016109
v -0.362620 0.334762 0.112158
v -0.267356 1.236326 0.033978
v -0.314071 0.225716 0.072316
v -0.321732 1.131168 0.078603
v -0.251533 0.133817 0.020993
v -0.128165 1.398209 -0.129638
v -0.206884 1.351320 -0.097031
v -0.282539 1.280539 -0.065694
v -0.351961 1.186430 -0.036939
v -0.411519 1.070948 -0.012269
v -0.457156 0.938354 0.006634
v -0.485922 0.796751 0.018549
v -0.495775 0.655261 0.022631
v -0.485036 0.520307 0.018182
v -0.454376 0.394175 0.005483
v -0.405277 0.278409 -0.014855
v -0.338652 0.177312 -0.042452
v -0.256441 0.095836 -0.076504
v -0.162367 0.038613 -0.115471
v -0.412771 0.334762 0.037102
v -0.450919 0.456148 0.057493
v -0.304085 1.236326 -0.020991
v -0.234455 1.318905 -0.058209
v -0.357382 0.225716 0.007497
v -0.366122 1.131168 0.012168
v -0.286033 0.133817 -0.030640
v -0.416806 1.006408 0.039260
v -0.201202 0.063913 -0.075983
v -0.452549 0.868036 0.058364
v -0.111206 0.020811 -0.124086
v -0.471245 0.725522 0.068357
v -0.087488 1.412314 -0.136764
v -0.470936 0.586679 0.068192
v -0.160315 1.377768 -0.097837
v -0.135648 1.398209 -0.154308
v -0.219217 1.351320 -0.137685
v -0.299532 1.280538 -0.121710
v -0.373229 1.186430 -0.107051
v -0.436456 1.070948 -0.094474
v -0.484904 0.938354 -0.084837
v -0.515442 0.796751 -0.078763
v -0.525902 0.655261 -0.076682
v -0.514500 0.520307 -0.078950
v -0.481952 0.394175 -0.085424
v -0.429830 0.278409 -0.095792
v -0.359100 0.177312 -0.109861
v -0.271826 0.095836 -0.127221
v -0.171957 0.038613 -0.147086
v -0.120099 0.020811 -0.145555
v -0.217750 0.063913 -0.115933
v -0.510764 0.725523 -0.027049
v -0.490477 0.868037 -0.033202
v -0.094363 1.412314 -0.153361
v -0.510429 0.586679 -0.027150
v -0.173385 1.377768 -0.129391
v -0.488708 0.456148 -0.033739
v -0.253831 1.318905 -0.104988
v -0.447315 0.334762 -0.046295
v -0.329385 1.236326 -0.082069
v -0.387215 0.225716 -0.064527
v -0.396699 1.131168 -0.061650
v -0.309797 0.133817 -0.088011
v -0.451694 1.006408 -0.044967
v -0.138175 1.398209 -0.179964
v -0.223381 1.351320 -0.179964
v -0.305269 1.280538 -0.179964
v -0.380411 1.186430 -0.179964
v -0.444876 1.070948 -0.179964
v -0.494273 0.938354 -0.179964
v -0.525409 0.796751 -0.179964
v -0.536074 0.655261 -0.179964
v -0.524449 0.520307 -0.179964
v -0.491264 0.394175 -0.179964
v -0.438120 0.278409 -0.179964
v -0.366005 0.177312 -0.179964
v -0.277021 0.095836 -0.179964
v -0.175195 0.038613 -0.179964
v -0.402423 0.225716 -0.140986
v -0.464926 0.334762 -0.134830
v -0.412286 1.131168 -0.140014
v -0.342282 1.236326 -0.146909
v -0.321911 0.133817 -0.148915
v -0.469480 1.006408 -0.134381
v -0.226186 0.063913 -0.158343
v -0.509813 0.868036 -0.130409
v -0.124632 0.020811 -0.168346
v -0.530910 0.725523 -0.128331
v -0.097868 1.412314 -0.170982
v -0.530562 0.586679 -0.128365
v -0.180048 1.377768 -0.162888
v -0.507973 0.456148 -0.130590
v -0.263709 1.318905 -0.154648
v -0.135648 1.398209 -0.205620
v -0.219217 1.351320 -0.222243
v -0.299532 1.280539 -0.238219
v -0.373229 1.186430 -0.252878
v -0.436456 1.070948 -0.265455
v -0.484904 0.938354 -0.275091
v -0.515442 0.796751 -0.281166
v -0.525902 0.655261 -0.283246
v -0.514500 0.520307 -0.280978
v -0.481952 0.394175 -0.274504
v -0.429830 0.278409 -0.264137
v -0.359100 0.177312 -0.250068
v -0.271826 0.095836 -0.232708
v -0.171957 0.038613 -0.212843
v -0.097868 1.412314 -0.188947
v -0.124632 0.020811 -0.191583
v -0.530562 0.586679 -0.231563
v -0.530910 0.725523 -0.231598
v -0.180048 1.377768 -0.197041
v -0.507973 0.456148 -0.229339
v -0.263709 1.318905 -0.205281
v -0.464926 0.334762 -0.225099
v -0.342282 1.236326 -0.213020
v -0.402423 0.225716 -0.218943
v -0.412286 1.131168 -0.219914
v -0.321911 0.133817 -0.211013
v -0.469480 1.006408 -0.225547
v -0.226186 0.063913 -0.201585
v -0.509813 0.868036 -0.229520
v -0.128165 1.398209 -0.230291
v -0.206884 1.351320 -0.262897
v -0.282539 1.280538 -0.294234
v -0.351961 1.186430 -0.322990
v -0.411519 1.070948 -0.347659
v -0.457156 0.938354 -0.366563
v -0.485922 0.796751 -0.378478
v -0.495775 0.655261 -0.382559
v -0.485036 0.520307 -0.378111
v -0.454376 0.394175 -0.365411
v -0.405277 0.278409 -0.345074
v -0.338652 0.177312 -0.317477
v -0.256441 0.095836 -0.283425
v -0.162367 0.038613 -0.244458
v -0.396699 1.131168 -0.298279
v -0.329385 1.236326 -0.277860
v -0.309797 0.133817 -0.271918
v -0.387215 0.225716 -0.295402
v -0.451694 1.006408 -0.314962
v -0.217750 0.063913 -0.243996
v -0.490477 0.868036 -0.326726
v -0.120099 0.020811 -0.214374
v -0.510764 0.725523 -0.332880
v -0.094363 1.412314 -0.206567
v -0.510429 0.586679 -0.332779
v -0.173385 1.377768 -0.230538
v -0.488708 0.456148 -0.326190
v -0.253831 1.318905 -0.254941
v -0.447315 0.334762 -0.313633
v -0.116012 1.398209 -0.253027
v -0.186858 1.351320 -0.300365
v -0.254945 1.280539 -0.345859
v -0.317423 1.186430 -0.387605
v -0.371024 1.070948 -0.423420
v -0.412096 0.938354 -0.450863
v -0.437985 0.796751 -0.468162
v -0.446852 0.655261 -0.474087
v -0.437187 0.520307 -0.467628
v -0.409594 0.394175 -0.449191
v -0.365407 0.278409 -0.419667
v -0.305445 0.177312 -0.379602
v -0.231458 0.095836 -0.330165
v -0.146793 0.038613 -0.273594
v -0.470936 0.586679 -0.428121
v -0.471245 0.725523 -0.428286
v -0.160315 1.377768 -0.262091
v -0.087488 1.412314 -0.223165
v -0.450919 0.456148 -0.417422
v -0.234454 1.318905 -0.301720
v -0.412770 0.334762 -0.397031
v -0.304085 1.236326 -0.338938
v -0.357381 0.225716 -0.367425
v -0.366122 1.131168 -0.372097
v -0.286033 0.133817 -0.329289
v -0.416806 1.006408 -0.399188
v -0.201202 0.063913 -0.283946
v -0.452549 0.868036 -0.418293
v -0.111206 0.020811 -0.235842
v -0.099657 1.398209 -0.272956
v -0.159906 1.351320 -0.333205
v -0.217810 1.280538 -0.391108
v -0.270943 1.186430 -0.444241
v -0.316527 1.070948 -0.489825
v -0.351456 0.938354 -0.524753
v -0.373472 0.796751 -0.546770
v -0.381013 0.655261 -0.554311
v -0.372794 0.520307 -0.546091
v -0.349328 0.394175 -0.522625
v -0.311750 0.278409 -0.485047
v -0.260756 0.177312 -0.434055
v -0.197835 0.095836 -0.371134
v -0.125834 0.038613 -0.299133
v -0.251533 0.133817 -0.380921
v -0.314070 0.225716 -0.432244
v -0.366157 1.006408 -0.474990
v -0.321732 1.131168 -0.438531
v -0.177178 0.063913 -0.319900
v -0.397485 0.868036 -0.500700
v -0.098296 0.020811 -0.255164
v -0.413873 0.725523 -0.514149
v -0.077507 1.412314 -0.238102
v -0.413602 0.586679 -0.513927
v -0.141340 1.377768 -0.290489
v -0.396057 0.456148 -0.499528
v -0.206324 1.318905 -0.343819
v -0.362619 0.334762 -0.472087
v -0.267356 1.236326 -0.393907
v -0.079728 1.398209 -0.289311
v -0.127066 1.351320 -0.360156
v -0.172560 1.280539 -0.428243
v -0.214307 1.186430 -0.490721
v -0.250122 1.070948 -0.544321
v -0.277565 0.938354 -0.585393
v -0.294864 0.796751 -0.611282
v -0.300789 0.655261 -0.620149
v -0.294330 0.520307 -0.610484
v -0.275893 0.394175 -0.582891
v -0.246368 0.278409 -0.538704
v -0.206303 0.177312 -0.478743
v -0.156867 0.095836 -0.404756
v -0.100295 0.038613 -0.320091
v -0.117190 1.377768 -0.314639
v -0.064803 1.412314 -0.250806
v -0.326230 0.456148 -0.569354
v -0.340629 0.586679 -0.586899
v -0.170521 1.318905 -0.379622
v -0.298789 0.334762 -0.535917
v -0.220608 1.236326 -0.440654
v -0.258946 0.225716 -0.487368
v -0.265233 1.131168 -0.495029
v -0.207623 0.133817 -0.424831
v -0.301692 1.006408 -0.539454
v -0.146601 0.063913 -0.350476
v -0.327403 0.868036 -0.570782
v -0.081865 0.020811 -0.271595
v -0.340851 0.725523 -0.587170
v -0.056992 1.398209 -0.301463
v -0.089598 1.351320 -0.380183
v -0.120936 1.280539 -0.455837
v -0.149691 1.186430 -0.525258
v -0.174361 1.070948 -0.584816
v -0.193264 0.938354 -0.630453
v -0.205179 0.796751 -0.659219
v -0.209261 0.655261 -0.669072
v -0.204812 0.520307 -0.658332
v -0.192113 0.394175 -0.627673
v -0.171775 0.278409 -0.578574
v -0.144178 0.177312 -0.511949
v -0.110126 0.095836 -0.429739
v -0.071159 0.038613 -0.335665
v -0.225890 1.006408 -0.590103
v -0.198798 1.131168 -0.539419
v -0.110647 0.063913 -0.374500
v -0.155990 0.133817 -0.459330
v -0.244995 0.868036 -0.625845
v -0.062543 0.020811 -0.284505
v -0.254988 0.725523 -0.644542
v -0.049866 1.412314 -0.260787
v -0.254823 0.586679 -0.644233
v -0.088792 1.377768 -0.333613
v -0.244123 0.456148 -0.624215
v -0.128421 1.318905 -0.407753
v -0.223733 0.334762 -0.586067
v -0.165639 1.236326 -0.477383
v -0.194127 0.225716 -0.530679
v -0.032321 1.398209 -0.308947
v -0.048944 1.351320 -0.392515
v -0.064919 1.280539 -0.472829
v -0.079579 1.186430 -0.546526
v -0.092155 1.070948 -0.609753
v -0.101792 0.938354 -0.658200
v -0.107867 0.796751 -0.688738
v -0.109947 0.655261 -0.699198
v -0.107679 0.520306 -0.687797
v -0.101205 0.394175 -0.655249
v -0.090837 0.278409 -0.603127
v -0.076768 0.177312 -0.532397
v -0.059409 0.095836 -0.445124
v -0.039543 0.038613 -0.345255
v -0.152891 0.456148 -0.662005
v -0.159480 0.586679 -0.683725
v -0.081642 1.318905 -0.427129
v -0.057239 1.377768 -0.346683
v -0.140334 0.334762 -0.620612
v -0.104561 1.236326 -0.502682
v -0.122103 0.225716 -0.560512
v -0.124980 1.131168 -0.569995
v -0.098619 0.133817 -0.483094
v -0.141663 1.006408 -0.624991
v -0.070697 0.063913 -0.391048
v -0.153427 0.868036 -0.663774
v -0.041075 0.020811 -0.293398
v -0.159581 0.725523 -0.684060
v -0.033268 1.412314 -0.267662
v -0.006665 1.398209 -0.311474
v -0.006665 1.351320 -0.396679
v -0.006665 1.280538 -0.478567
v -0.006665 1.186430 -0.553708
v -0.006665 1.070948 -0.618173
v -0.006665 0.938354 -0.667569
v -0.006665 0.796751 -0.698706
v -0.006665 0.655261 -0.709370
v -0.006665 0.520307 -0.697746
v -0.006665 0.394175 -0.664560
v -0.006665 0.278409 -0.611417
v -0.006665 0.177312 -0.539302
v -0.006665 0.095836 -0.450319
v -0.006665 0.038613 -0.348494
v -0.028286 0.063913 -0.399484
v -0.037714 0.133817 -0.495209
v -0.056220 0.868036 -0.683109
v -0.052248 1.006408 -0.642776
v -0.018284 0.020811 -0.297931
v -0.058298 0.725523 -0.704206
v -0.015647 1.412314 -0.271167
v -0.058264 0.586679 -0.703858
v -0.023741 1.377768 -0.353346
v -0.056039 0.456148 -0.681270
v -0.031981 1.318905 -0.437007
v -0.051799 0.334762 -0.638223
v -0.039720 1.236326 -0.515579
v -0.045643 0.225716 -0.575720
v -0.046615 1.131168 -0.585583
v -0.006665 1.420706 -0.233480
v -0.006665 0.010073 -0.249565
v 0.003776 1.420706 -0.232451
v 0.006914 0.010073 -0.248228
v 0.014956 0.063913 -0.399484
v 0.024384 0.133817 -0.495209
v 0.042891 0.868036 -0.683109
v 0.038919 1.006408 -0.642777
v 0.004954 0.020811 -0.297931
v 0.044969 0.725523 -0.704206
v 0.002318 1.412314 -0.271167
v 0.044935 0.586679 -0.703858
v 0.010412 1.377768 -0.353346
v 0.042710 0.456148 -0.681270
v 0.018652 1.318905 -0.437007
v 0.038470 0.334762 -0.638223
v 0.026391 1.236326 -0.515580
v 0.032314 0.225716 -0.575720
v 0.033285 1.131168 -0.585583
v 0.013815 1.420706 -0.229406
v 0.019971 0.010073 -0.244267
v 0.023067 1.420706 -0.224461
v 0.032004 0.010073 -0.237836
v 0.031177 1.420706 -0.217805
v 0.042551 0.010073 -0.229180
v 0.037832 1.420706 -0.209696
v 0.051207 0.010073 -0.218633
v 0.042778 1.420706 -0.200444
v 0.057639 0.010073 -0.206599
v 0.045823 1.420706 -0.190404
v 0.061600 0.010073 -0.193543
v 0.046851 1.420706 -0.179964
v 0.062937 0.010073 -0.179964
v 0.045823 1.420706 -0.169524
v 0.061600 0.010073 -0.166386
v 0.042778 1.420706 -0.159485
v 0.057639 0.010073 -0.153329
v 0.037832 1.420706 -0.150232
v 0.051207 0.010073 -0.141296
v 0.031177 1.420706 -0.142123
v 0.042551 0.010073 -0.130749
v 0.023067 1.420706 -0.135468
v 0.032004 0.010073 -0.122093
v 0.013815 1.420706 -0.130522
v 0.019971 0.010073 -0.115661
v 0.003776 1.420706 -0.127477
v 0.006914 0.010073 -0.111700
v -0.006665 1.420706 -0.126449
v -0.006665 0.010073 -0.110363
v -0.017105 1.420706 -0.127477
v -0.020243 0.010073 -0.111700
v -0.033300 0.010073 -0.115661
v -0.036397 1.420706 -0.135468
v -0.045333 0.010073 -0.122093
v -0.044506 1.420706 -0.142123
v -0.055880 0.010073 -0.130749
v -0.051162 1.420706 -0.150233
v -0.064536 0.010073 -0.141296
v -0.056107 1.420706 -0.159485
v -0.070968 0.010073 -0.153329
v -0.059152 1.420706 -0.169524
v -0.074929 0.010073 -0.166386
v -0.060181 1.420706 -0.179964
v -0.076266 0.010073 -0.179964
v -0.059152 1.420706 -0.190404
v -0.074929 0.010073 -0.193543
v -0.056107 1.420706 -0.200444
v -0.070968 0.010073 -0.206600
v -0.051162 1.420706 -0.209696
v -0.064536 0.010073 -0.218633
v -0.044506 1.420706 -0.217805
v -0.055880 0.010073 -0.229180
v -0.036397 1.420706 -0.224461
v -0.045333 0.010073 -0.237836
v -0.027144 1.420706 -0.229406
v -0.033300 0.010073 -0.244267
v -0.017105 1.420706 -0.232451
v -0.020243 0.010073 -0.248228
v 0.019835 0.095836 -0.449016
v 0.041129 0.938354 -0.665220
v 0.009867 0.038631 -0.347815
v 0.044181 0.796751 -0.696206
v -0.000625 1.419438 -0.241289
v 0.001187 0.011712 -0.259685
v 0.045226 0.655261 -0.706819
v 0.006236 1.398196 -0.310942
v 0.044087 0.520307 -0.695251
v 0.014577 1.351320 -0.395635
v 0.040834 0.394175 -0.662225
v 0.022604 1.280538 -0.477128
v 0.035625 0.278409 -0.609338
v 0.029969 1.186430 -0.551907
v 0.028557 0.177312 -0.537570
v 0.036287 1.070948 -0.616061
v 0.101828 1.186430 -0.537613
v 0.097646 0.177312 -0.523828
v 0.120541 1.070948 -0.599302
v 0.071815 0.095836 -0.438677
v 0.134880 0.938354 -0.646572
v 0.042296 0.038631 -0.341364
v 0.143918 0.796751 -0.676367
v 0.011223 1.419438 -0.238932
v 0.016589 0.011712 -0.256622
v 0.147014 0.655261 -0.686573
v 0.031540 1.398196 -0.305909
v 0.143640 0.520307 -0.675449
v 0.056244 1.351320 -0.387347
v 0.134007 0.394175 -0.643692
v 0.080015 1.280538 -0.465708
v 0.118580 0.278409 -0.592837
v 0.242896 0.655261 -0.646857
v 0.055377 1.398196 -0.296036
v 0.237417 0.520307 -0.636605
v 0.095494 1.351320 -0.371089
v 0.221773 0.394175 -0.607338
v 0.134096 1.280538 -0.443307
v 0.196721 0.278409 -0.560470
v 0.169517 1.186430 -0.509576
v 0.162726 0.177312 -0.496871
v 0.199906 1.070948 -0.566428
v 0.120780 0.095836 -0.418395
v 0.223192 0.938354 -0.609992
v 0.072843 0.038631 -0.328711
v 0.237869 0.796751 -0.637452
v 0.022383 1.419438 -0.234309
v 0.031098 0.011712 -0.250612
v 0.221297 0.177312 -0.457735
v 0.271333 1.070948 -0.518703
v 0.164847 0.095836 -0.388951
v 0.302670 0.938354 -0.556887
v 0.100334 0.038631 -0.310342
v 0.322422 0.796751 -0.580955
v 0.032428 1.419439 -0.227598
v 0.044155 0.011712 -0.241888
v 0.329188 0.655261 -0.589199
v 0.076830 1.398196 -0.281702
v 0.321813 0.520307 -0.580213
v 0.130818 1.351320 -0.347487
v 0.300761 0.394175 -0.554561
v 0.182767 1.280539 -0.410786
v 0.267047 0.278409 -0.513480
v 0.230437 1.186430 -0.468871
v 0.393587 0.520307 -0.508440
v 0.160859 1.351320 -0.317446
v 0.367934 0.394175 -0.487388
v 0.224159 1.280539 -0.369395
v 0.326854 0.278409 -0.453674
v 0.282244 1.186430 -0.417064
v 0.271108 0.177312 -0.407925
v 0.332076 1.070948 -0.457960
v 0.202323 0.095836 -0.351475
v 0.370260 0.938354 -0.489297
v 0.123714 0.038631 -0.286963
v 0.394329 0.796751 -0.509049
v 0.040969 1.419438 -0.219056
v 0.055259 0.011712 -0.230784
v 0.402573 0.655261 -0.515815
v 0.095073 1.398196 -0.263458
v 0.231768 0.095836 -0.307408
v 0.423366 0.938354 -0.409819
v 0.142083 0.038631 -0.259471
v 0.450826 0.796751 -0.424496
v 0.047681 1.419438 -0.209012
v 0.063984 0.011712 -0.217726
v 0.460231 0.655261 -0.429524
v 0.109407 1.398196 -0.242006
v 0.449979 0.520307 -0.424044
v 0.184461 1.351320 -0.282123
v 0.420712 0.394175 -0.408400
v 0.256680 1.280539 -0.320724
v 0.373844 0.278409 -0.383349
v 0.322949 1.186430 -0.356145
v 0.310244 0.177312 -0.349354
v 0.379802 1.070948 -0.386534
v 0.200719 1.351320 -0.242873
v 0.457066 0.394175 -0.320635
v 0.279081 1.280539 -0.266644
v 0.406211 0.278409 -0.305208
v 0.350987 1.186430 -0.288456
v 0.337201 0.177312 -0.284274
v 0.412676 1.070948 -0.307169
v 0.252049 0.095836 -0.258444
v 0.459946 0.938354 -0.321508
v 0.154736 0.038631 -0.228924
v 0.489741 0.796751 -0.330546
v 0.052303 1.419438 -0.197852
v 0.069993 0.011712 -0.203218
v 0.499947 0.655261 -0.333642
v 0.119281 1.398196 -0.218169
v 0.488823 0.520306 -0.330268
v 0.478594 0.938354 -0.227758
v 0.161187 0.038631 -0.196496
v 0.509580 0.796751 -0.230810
v 0.054660 1.419438 -0.186004
v 0.073057 0.011712 -0.187816
v 0.520194 0.655261 -0.231855
v 0.124314 1.398196 -0.192864
v 0.508625 0.520307 -0.230715
v 0.209007 1.351320 -0.201206
v 0.475599 0.394175 -0.227463
v 0.290501 1.280538 -0.209232
v 0.422712 0.278409 -0.222254
v 0.365280 1.186430 -0.216597
v 0.350944 0.177312 -0.215185
v 0.429435 1.070948 -0.222916
v 0.262389 0.095836 -0.206464
v 0.475599 0.394175 -0.132466
v 0.290501 1.280538 -0.150696
v 0.422711 0.278409 -0.137675
v 0.365280 1.186430 -0.143331
v 0.350944 0.177312 -0.144743
v 0.429435 1.070948 -0.137012
v 0.262389 0.095836 -0.153465
v 0.478594 0.938354 -0.132171
v 0.161187 0.038631 -0.163432
v 0.509580 0.796751 -0.129119
v 0.054660 1.419438 -0.173924
v 0.073057 0.011712 -0.172112
v 0.520193 0.655261 -0.128073
v 0.124314 1.398196 -0.167064
v 0.508625 0.520307 -0.129213
v 0.209007 1.351320 -0.158723
v 0.154736 0.038631 -0.131004
v 0.489741 0.796751 -0.029382
v 0.052303 1.419438 -0.162077
v 0.069993 0.011712 -0.156710
v 0.499947 0.655261 -0.026286
v 0.119281 1.398196 -0.141759
v 0.488822 0.520307 -0.029661
v 0.200719 1.351320 -0.117055
v 0.457066 0.394175 -0.039294
v 0.279081 1.280539 -0.093285
v 0.406211 0.278409 -0.054721
v 0.350987 1.186430 -0.071473
v 0.337201 0.177312 -0.075654
v 0.412676 1.070948 -0.052759
v 0.252049 0.095836 -0.101485
v 0.459946 0.938354 -0.038420
v 0.256680 1.280538 -0.039204
v 0.373844 0.278409 0.023420
v 0.322949 1.186430 -0.003783
v 0.310244 0.177312 -0.010574
v 0.379802 1.070948 0.026605
v 0.231767 0.095836 -0.052520
v 0.423366 0.938354 0.049890
v 0.142083 0.038631 -0.100457
v 0.450826 0.796751 0.064568
v 0.047681 1.419438 -0.150916
v 0.063984 0.011712 -0.142202
v 0.460231 0.655261 0.069595
v 0.109407 1.398196 -0.117923
v 0.449979 0.520307 0.064115
v 0.184461 1.351320 -0.077806
v 0.420712 0.394175 0.048472
v 0.394329 0.796751 0.149121
v 0.040969 1.419438 -0.140872
v 0.055259 0.011712 -0.129145
v 0.402573 0.655261 0.155886
v 0.095073 1.398196 -0.096470
v 0.393587 0.520307 0.148512
v 0.160859 1.351320 -0.042482
v 0.367934 0.394175 0.127459
v 0.224159 1.280539 0.009466
v 0.326854 0.278409 0.093745
v 0.282244 1.186430 0.057135
v 0.271108 0.177312 0.047996
v 0.332076 1.070948 0.098031
v 0.202323 0.095836 -0.008454
v 0.370260 0.938354 0.129368
v 0.123714 0.038631 -0.072966
v 0.267047 0.278409 0.153552
v 0.230436 1.186430 0.108942
v 0.221297 0.177312 0.097807
v 0.271333 1.070948 0.158774
v 0.164847 0.095836 0.029022
v 0.302669 0.938354 0.196958
v 0.100334 0.038631 -0.049586
v 0.322422 0.796751 0.221027
v 0.032428 1.419438 -0.132330
v 0.044155 0.011712 -0.118041
v 0.329188 0.655261 0.229271
v 0.076830 1.398196 -0.078227
v 0.321813 0.520307 0.220285
v 0.130818 1.351320 -0.012442
v 0.300761 0.394175 0.194632
v 0.182767 1.280538 0.050858
v 0.031098 0.011712 -0.109316
v 0.242896 0.655261 0.286929
v 0.055377 1.398196 -0.063893
v 0.237416 0.520307 0.276677
v 0.095494 1.351320 0.011160
v 0.221773 0.394175 0.247410
v 0.134096 1.280538 0.083379
v 0.196721 0.278409 0.200542
v 0.169517 1.186430 0.149647
v 0.162726 0.177312 0.136942
v 0.199906 1.070948 0.206500
v 0.120780 0.095836 0.058466
v 0.223191 0.938354 0.250064
v 0.072843 0.038631 -0.031217
v 0.237869 0.796751 0.277523
v 0.022383 1.419438 -0.125619
v 0.097646 0.177312 0.163899
v 0.120541 1.070948 0.239374
v 0.071815 0.095836 0.078748
v 0.134880 0.938354 0.286643
v 0.042296 0.038631 -0.018564
v 0.143918 0.796751 0.316439
v 0.011223 1.419439 -0.120996
v 0.016589 0.011712 -0.103307
v 0.147014 0.655261 0.326644
v 0.031540 1.398196 -0.054019
v 0.143640 0.520307 0.315520
v 0.056244 1.351320 0.027418
v 0.134006 0.394175 0.283763
v 0.080015 1.280539 0.105779
v 0.118580 0.278409 0.232909
v 0.101827 1.186430 0.177685
v 0.006236 1.398196 -0.048986
v 0.044087 0.520307 0.335322
v 0.014577 1.351320 0.035706
v 0.040834 0.394175 0.302296
v 0.022603 1.280538 0.117199
v 0.035625 0.278409 0.249409
v 0.029969 1.186430 0.191978
v 0.028557 0.177312 0.177642
v 0.036287 1.070948 0.256133
v 0.019835 0.095836 0.089088
v 0.041129 0.938354 0.305291
v 0.009867 0.038631 -0.012114
v 0.044181 0.796751 0.336277
v -0.000625 1.419438 -0.118640
v 0.001187 0.011712 -0.100243
v 0.045226 0.655261 0.346891
v -0.049617 1.070948 0.256133
v -0.033164 0.095836 0.089088
v -0.054459 0.938354 0.305291
v -0.023197 0.038631 -0.012114
v -0.057510 0.796751 0.336277
v -0.012705 1.419439 -0.118640
v -0.014517 0.011712 -0.100243
v -0.058556 0.655261 0.346891
v -0.019565 1.398196 -0.048986
v -0.057416 0.520307 0.335322
v -0.027907 1.351320 0.035706
v -0.054164 0.394175 0.302296
v -0.035933 1.280538 0.117199
v -0.048955 0.278409 0.249409
v -0.043298 1.186430 0.191978
v -0.041886 0.177312 0.177642
v -0.156969 0.520307 0.315520
v -0.069574 1.351320 0.027418
v -0.147336 0.394175 0.283763
v -0.093345 1.280538 0.105779
v -0.131909 0.278409 0.232909
v -0.115157 1.186430 0.177685
v -0.110975 0.177312 0.163899
v -0.133870 1.070948 0.239374
v -0.085145 0.095836 0.078748
v -0.148209 0.938354 0.286643
v -0.055625 0.038631 -0.018564
v -0.157248 0.796751 0.316438
v -0.024552 1.419438 -0.120996
v -0.029919 0.011712 -0.103307
v -0.160344 0.655261 0.326644
v -0.044870 1.398196 -0.054019
v -0.134109 0.095836 0.058466
v -0.236521 0.938354 0.250063
v -0.086172 0.038631 -0.031217
v -0.251198 0.796751 0.277523
v -0.035713 1.419438 -0.125619
v -0.044427 0.011712 -0.109316
v -0.256226 0.655261 0.286928
v -0.068707 1.398196 -0.063893
v -0.250746 0.520307 0.276676
v -0.108824 1.351320 0.011160
v -0.235102 0.394175 0.247410
v -0.147425 1.280538 0.083379
v -0.210051 0.278409 0.200541
v -0.182847 1.186430 0.149647
v -0.176056 0.177312 0.136942
v -0.213235 1.070948 0.206500
v -0.144148 1.351320 -0.012442
v -0.314090 0.394175 0.194632
v -0.196097 1.280538 0.050858
v -0.280376 0.278409 0.153552
v -0.243766 1.186430 0.108942
v -0.234627 0.177312 0.097807
v -0.284662 1.070948 0.158774
v -0.178176 0.095836 0.029022
v -0.315999 0.938354 0.196958
v -0.113664 0.038631 -0.049586
v -0.335752 0.796751 0.221027
v -0.045757 1.419438 -0.132330
v -0.057484 0.011712 -0.118041
v -0.342517 0.655261 0.229271
v -0.090159 1.398196 -0.078227
v -0.335143 0.520307 0.220285
v -0.383590 0.938354 0.129368
v -0.137043 0.038631 -0.072966
v -0.407658 0.796751 0.149120
v -0.054299 1.419438 -0.140872
v -0.068589 0.011712 -0.129145
v -0.415902 0.655261 0.155886
v -0.108403 1.398196 -0.096470
v -0.406916 0.520307 0.148512
v -0.174188 1.351320 -0.042482
v -0.381263 0.394175 0.127459
v -0.237488 1.280538 0.009466
v -0.340183 0.278409 0.093745
v -0.295573 1.186430 0.057135
v -0.284437 0.177312 0.047996
v -0.345405 1.070948 0.098031
v -0.215652 0.095836 -0.008454
v -0.434041 0.394175 0.048472
v -0.270009 1.280539 -0.039205
v -0.387173 0.278409 0.023420
v -0.336278 1.186430 -0.003783
v -0.323573 0.177312 -0.010574
v -0.393131 1.070948 0.026605
v -0.245097 0.095836 -0.052520
v -0.436695 0.938354 0.049890
v -0.155413 0.038631 -0.100457
v -0.464155 0.796751 0.064568
v -0.061010 1.419438 -0.150916
v -0.077313 0.011712 -0.142202
v -0.473560 0.655261 0.069595
v -0.122737 1.398196 -0.117923
v -0.463308 0.520307 0.064115
v -0.197791 1.351320 -0.077806
v -0.168066 0.038631 -0.131004
v -0.503071 0.796751 -0.029382
v -0.065633 1.419438 -0.162077
v -0.083323 0.011712 -0.156710
v -0.513276 0.655261 -0.026287
v -0.132610 1.398196 -0.141759
v -0.502152 0.520307 -0.029661
v -0.214049 1.351320 -0.117056
v -0.470395 0.394175 -0.039294
v -0.292410 1.280538 -0.093285
v -0.419540 0.278409 -0.054721
v -0.364316 1.186430 -0.071473
v -0.350530 0.177312 -0.075654
v -0.426005 1.070948 -0.052760
v -0.265379 0.095836 -0.101485
v -0.473275 0.938354 -0.038421
v -0.436041 0.278409 -0.137675
v -0.378610 1.186430 -0.143331
v -0.364273 0.177312 -0.144743
v -0.442764 1.070948 -0.137013
v -0.275718 0.095836 -0.153465
v -0.491923 0.938354 -0.132171
v -0.174516 0.038631 -0.163432
v -0.522910 0.796751 -0.129119
v -0.067989 1.419438 -0.173924
v -0.086387 0.011712 -0.172112
v -0.533523 0.655261 -0.128074
v -0.137644 1.398196 -0.167064
v -0.521954 0.520307 -0.129213
v -0.222337 1.351320 -0.158723
v -0.488928 0.394175 -0.132466
v -0.303830 1.280538 -0.150696
v -0.067989 1.419438 -0.186004
v -0.086387 0.011712 -0.187816
v -0.533523 0.655261 -0.231855
v -0.137644 1.398196 -0.192864
v -0.521954 0.520307 -0.230716
v -0.222337 1.351320 -0.201206
v -0.488928 0.394175 -0.227463
v -0.303830 1.280539 -0.209232
v -0.436041 0.278409 -0.222254
v -0.378610 1.186430 -0.216597
v -0.364273 0.177312 -0.215185
v -0.442764 1.070948 -0.222916
v -0.275718 0.095836 -0.206464
v -0.491923 0.938354 -0.227758
v -0.174516 0.038631 -0.196496
v -0.522910 0.796751 -0.230810
v -0.364316 1.186430 -0.288456
v -0.350530 0.177312 -0.284274
v -0.426005 1.070948 -0.307169
v -0.265379 0.095836 -0.258444
v -0.473275 0.938354 -0.321508
v -0.168066 0.038631 -0.228924
v -0.503070 0.796751 -0.330546
v -0.065633 1.419438 -0.197852
v -0.083323 0.011712 -0.203218
v -0.513276 0.655261 -0.333642
v -0.132610 1.398196 -0.218169
v -0.502152 0.520307 -0.330268
v -0.214049 1.351320 -0.242873
v -0.470395 0.394175 -0.320635
v -0.292410 1.280538 -0.266644
v -0.419540 0.278409 -0.305208
v -0.473560 0.655261 -0.429524
v -0.122737 1.398196 -0.242006
v -0.463308 0.520307 -0.424044
v -0.197791 1.351320 -0.282123
v -0.434041 0.394175 -0.408400
v -0.270009 1.280539 -0.320724
v -0.387173 0.278409 -0.383349
v -0.336278 1.186430 -0.356145
v -0.323573 0.177312 -0.349354
v -0.393131 1.070948 -0.386534
v -0.245097 0.095836 -0.307408
v -0.436695 0.938354 -0.409819
v -0.155413 0.038631 -0.259471
v -0.464155 0.796751 -0.424496
v -0.061010 1.419438 -0.209012
v -0.077313 0.011712 -0.217726
v -0.284437 0.177312 -0.407925
v -0.345405 1.070948 -0.457960
v -0.215652 0.095836 -0.351475
v -0.383589 0.938354 -0.489297
v -0.137043 0.038631 -0.286963
v -0.407658 0.796751 -0.509049
v -0.054299 1.419439 -0.219056
v -0.068589 0.011712 -0.230784
v -0.415902 0.655261 -0.515815
v -0.108403 1.398196 -0.263458
v -0.406916 0.520307 -0.508440
v -0.174188 1.351320 -0.317446
v -0.381263 0.394175 -0.487388
v -0.237488 1.280538 -0.369395
v -0.340183 0.278409 -0.453674
v -0.295573 1.186430 -0.417064
v -0.090159 1.398196 -0.281702
v -0.335142 0.520307 -0.580213
v -0.144148 1.351320 -0.347486
v -0.314090 0.394175 -0.554561
v -0.196097 1.280539 -0.410786
v -0.280376 0.278409 -0.513480
v -0.243766 1.186430 -0.468871
v -0.234627 0.177312 -0.457735
v -0.284662 1.070948 -0.518703
v -0.178176 0.095836 -0.388950
v -0.315999 0.938354 -0.556887
v -0.113664 0.038631 -0.310342
v -0.335751 0.796751 -0.580955
v -0.045757 1.419438 -0.227598
v -0.057484 0.011712 -0.241888
v -0.342517 0.655261 -0.589199
v -0.213235 1.070948 -0.566428
v -0.134109 0.095836 -0.418395
v -0.236521 0.938354 -0.609992
v -0.086172 0.038631 -0.328711
v -0.251198 0.796751 -0.637452
v -0.035713 1.419439 -0.234309
v -0.044427 0.011712 -0.250612
v -0.256225 0.655261 -0.646857
v -0.068707 1.398196 -0.296036
v -0.250746 0.520307 -0.636605
v -0.108824 1.351320 -0.371089
v -0.235102 0.394175 -0.607338
v -0.147425 1.280539 -0.443307
v -0.210050 0.278409 -0.560470
v -0.182846 1.186430 -0.509575
v -0.176056 0.177312 -0.496871
v -0.156969 0.520306 -0.675448
v -0.069574 1.351320 -0.387347
v -0.147336 0.394175 -0.643692
v -0.093345 1.280539 -0.465708
v -0.131909 0.278409 -0.592837
v -0.115157 1.186430 -0.537613
v -0.110975 0.177312 -0.523828
v -0.133870 1.070948 -0.599302
v -0.085145 0.095836 -0.438676
v -0.148209 0.938354 -0.646571
v -0.055625 0.038631 -0.341364
v -0.157248 0.796751 -0.676367
v -0.024552 1.419438 -0.238932
v -0.029919 0.011712 -0.256622
v -0.160343 0.655261 -0.686572
v -0.044870 1.398196 -0.305909
v -0.033164 0.095836 -0.449016
v -0.054458 0.938354 -0.665220
v -0.023197 0.038631 -0.347815
v -0.057510 0.796751 -0.696206
v -0.012705 1.419438 -0.241289
v -0.014517 0.011712 -0.259685
v -0.058556 0.655261 -0.706819
v -0.019565 1.398196 -0.310942
v -0.057416 0.520307 -0.695250
v -0.027906 1.351320 -0.395635
v -0.054163 0.394175 -0.662225
v -0.035933 1.280539 -0.477128
v -0.048954 0.278409 -0.609338
v -0.043298 1.186430 -0.551907
v -0.041886 0.177312 -0.537570
v -0.049617 1.070948 -0.616061
vn -0.0000 -1.0000 -0.0000
vn 0.0541 0.9608 -0.2720
vn 0.0941 0.8760 -0.4730
vn 0.1275 0.7567 -0.6412
vn 0.1524 0.6242 -0.7663
vn 0.1703 0.4876 -0.8563
vn 0.1828 0.3492 -0.9191
vn 0.1905 0.2145 -0.9580
vn 0.1945 0.0747 -0.9780
vn 0.1944 -0.0862 -0.9771
vn 0.1887 -0.2544 -0.9485
vn 0.1773 -0.4169 -0.8915
vn 0.1589 -0.5803 -0.7988
vn 0.1319 -0.7370 -0.6630
vn 0.0958 -0.8712 -0.4815
vn 0.0542 -0.9606 -0.2726
vn 0.1061 0.9608 -0.2562
vn 0.1846 0.8760 -0.4456
vn 0.2502 0.7567 -0.6040
vn 0.2990 0.6242 -0.7218
vn 0.3341 0.4876 -0.8066
vn 0.3586 0.3492 -0.8657
vn 0.3738 0.2145 -0.9024
vn 0.3816 0.0747 -0.9213
vn 0.3813 -0.0862 -0.9204
vn 0.3701 -0.2544 -0.8935
vn 0.3478 -0.4169 -0.8398
vn 0.3117 -0.5803 -0.7524
vn 0.2587 -0.7370 -0.6245
vn 0.1879 -0.8712 -0.4536
vn 0.1064 -0.9606 -0.2568
vn 0.1541 0.9608 -0.2306
vn 0.2679 0.8760 -0.4010
vn 0.3632 0.7567 -0.5436
vn 0.4341 0.6242 -0.6496
vn 0.4850 0.4876 -0.7259
vn 0.5206 0.3492 -0.7791
vn 0.5426 0.2145 -0.8121
vn 0.5540 0.0747 -0.8291
vn 0.5535 -0.0862 -0.8284
vn 0.5373 -0.2544 -0.8041
vn 0.5050 -0.4169 -0.7558
vn 0.4525 -0.5803 -0.6772
vn 0.3755 -0.7370 -0.5620
vn 0.2727 -0.8712 -0.4082
vn 0.1544 -0.9606 -0.2311
vn 0.1961 0.9608 -0.1961
vn 0.3410 0.8760 -0.3410
vn 0.4623 0.7567 -0.4623
vn 0.5525 0.6242 -0.5525
vn 0.6173 0.4876 -0.6173
vn 0.6626 0.3492 -0.6626
vn 0.6906 0.2145 -0.6906
vn 0.7051 0.0747 -0.7051
vn 0.7045 -0.0862 -0.7045
vn 0.6838 -0.2544 -0.6838
vn 0.6427 -0.4169 -0.6427
vn 0.5759 -0.5803 -0.5759
vn 0.4780 -0.7370 -0.4780
vn 0.3471 -0.8712 -0.3471
vn 0.1965 -0.9606 -0.1965
vn 0.2306 0.9608 -0.1541
vn 0.4010 0.8760 -0.2679
vn 0.5436 0.7567 -0.3632
vn 0.6496 0.6242 -0.4341
vn 0.7259 0.4876 -0.4850
vn 0.7791 0.3492 -0.5206
vn 0.8121 0.2145 -0.5426
vn 0.8291 0.0747 -0.5540
vn 0.8284 -0.0862 -0.5535
vn 0.8041 -0.2544 -0.5373
vn 0.7558 -0.4169 -0.5050
vn 0.6772 -0.5803 -0.4525
vn 0.5620 -0.7370 -0.3755
vn 0.4082 -0.8712 -0.2727
vn 0.2311 -0.9606 -0.1544
vn 0.2562 0.9608 -0.1061
vn 0.4456 0.8760 -0.1846
vn 0.6040 0.7567 -0.2502
vn 0.7218 0.6242 -0.2990
vn 0.8066 0.4876 -0.3341
vn 0.8657 0.3492 -0.3586
vn 0.9024 0.2145 -0.3738
vn 0.9213 0.0747 -0.3816
vn 0.9204 -0.0862 -0.3813
vn 0.8935 -0.2544 -0.3701
vn 0.8398 -0.4169 -0.3478
vn 0.7524 -0.5803 -0.3117
vn 0.6245 -0.7370 -0.2587
vn 0.4536 -0.8712 -0.1879
vn 0.2568 -0.9606 -0.1064
vn 0.2720 0.9608 -0.0541
vn 0.4730 0.8760 -0.0941
vn 0.6412 0.7567 -0.1276
vn 0.7663 0.6242 -0.1524
vn 0.8563 0.4876 -0.1703
vn 0.9191 0.3492 -0.1828
vn 0.9580 0.2145 -0.1905
vn 0.9780 0.0747 -0.1945
vn 0.9771 -0.0862 -0.1944
vn 0.9485 -0.2544 -0.1887
vn 0.8915 -0.4169 -0.1773
vn 0.7988 -0.5803 -0.1589
vn 0.6630 -0.7370 -0.1319
vn 0.4815 -0.8712 -0.0958
vn 0.2726 -0.9606 -0.0542
vn 0.2773 0.9608 -0.0000
vn 0.4823 0.8760 -0.0000
vn 0.6538 0.7567 -0.0000
vn 0.7813 0.6242 -0.0000
vn 0.8731 0.4876 -0.0000
vn 0.9371 0.3492 -0.0000
vn 0.9767 0.2145 -0.0000
vn 0.9972 0.0747 -0.0000
vn 0.9963 -0.0862 -0.0000
vn 0.9671 -0.2544 -0.0000
vn 0.9090 -0.4169 -0.0000
vn 0.8144 -0.5803 -0.0000
vn 0.6759 -0.7370 -0.0000
vn 0.4909 -0.8712 -0.0000
vn 0.2779 -0.9606 -0.0000
vn 0.2720 0.9608 0.0541
vn 0.4730 0.8760 0.0941
vn 0.6412 0.7567 0.1276
vn 0.7663 0.6242 0.1524
vn 0.8563 0.4876 0.1703
vn 0.9191 0.3492 0.1828
vn 0.9580 0.2145 0.1906
vn 0.9780 0.0747 0.1945
vn 0.9771 -0.0862 0.1944
vn 0.9485 -0.2544 0.1887
vn 0.8915 -0.4169 0.1773
vn 0.7988 -0.5803 0.1589
vn 0.6630 -0.7370 0.1319
vn 0.4815 -0.8712 0.0958
vn 0.2726 -0.9606 0.0542
vn 0.2562 0.9608 0.1061
vn 0.4456 0.8760 0.1846
vn 0.6040 0.7567 0.2502
vn 0.7218 0.6242 0.2990
vn 0.8066 0.4876 0.3341
vn 0.8657 0.3492 0.3586
vn 0.9024 0.2145 0.3738
vn 0.9213 0.0747 0.3816
vn 0.9204 -0.0862 0.3813
vn 0.8935 -0.2544 0.3701
vn 0.8398 -0.4169 0.3478
vn 0.7524 -0.5803 0.3117
vn 0.6245 -0.7370 0.2587
vn 0.4536 -0.8712 0.1879
vn 0.2568 -0.9606 0.1064
vn 0.2306 0.9608 0.1541
vn 0.4010 0.8760 0.2679
vn 0.5436 0.7567 0.3632
vn 0.6496 0.6242 0.4341
vn 0.7259 0.4876 0.4850
vn 0.7791 0.3492 0.5206
vn 0.8121 0.2145 0.5426
vn 0.8291 0.0747 0.5540
vn 0.8284 -0.0862 0.5535
vn 0.8041 -0.2544 0.5373
vn 0.7558 -0.4169 0.5050
vn 0.6772 -0.5803 0.4525
vn 0.5620 -0.7370 0.3755
vn 0.4082 -0.8712 0.2727
vn 0.2311 -0.9606 0.1544
vn 0.1961 0.9608 0.1961
vn 0.3410 0.8760 0.3410
vn 0.4623 0.7567 0.4623
vn 0.5525 0.6242 0.5525
vn 0.6173 0.4876 0.6173
vn 0.6626 0.3492 0.6626
vn 0.6906 0.2145 0.6906
vn 0.7051 0.0747 0.7051
vn 0.7045 -0.0862 0.7045
vn 0.6838 -0.2544 0.6838
vn 0.6427 -0.4169 0.6427
vn 0.5759 -0.5803 0.5759
vn 0.4780 -0.7370 0.4780
vn 0.3471 -0.8712 0.3471
vn 0.1965 -0.9606 0.1965
vn 0.1541 0.9608 0.2306
vn 0.2679 0.8760 0.4010
vn 0.3632 0.7567 0.5436
vn 0.4341 0.6242 0.6496
vn 0.4850 0.4876 0.7259
vn 0.5206 0.3492 0.7791
vn 0.5426 0.2145 0.8121
vn 0.5540 0.0747 0.8291
vn 0.5535 -0.0862 0.8284
vn 0.5373 -0.2544 0.8041
vn 0.5050 -0.4169 0.7558
vn 0.4525 -0.5803 0.6772
vn 0.3755 -0.7370 0.5620
vn 0.2727 -0.8712 0.4082
vn 0.1544 -0.9606 0.2311
vn 0.1061 0.9608 0.2562
vn 0.1846 0.8760 0.4456
vn 0.2502 0.7567 0.6040
vn 0.2990 0.6242 0.7218
vn 0.3341 0.4876 0.8066
vn 0.3586 0.3492 0.8657
vn 0.3738 0.2145 0.9024
vn 0.3816 0.0747 0.9213
vn 0.3813 -0.0862 0.9204
vn 0.3701 -0.2544 0.8935
vn 0.3478 -0.4169 0.8398
vn 0.3117 -0.5803 0.7524
vn 0.2587 -0.7370 0.6245
vn 0.1879 -0.8712 0.4536
vn 0.1064 -0.9606 0.2568
vn 0.0541 0.9608 0.2720
vn 0.0941 0.8760 0.4730
vn 0.1276 0.7567 0.6412
vn 0.1524 0.6242 0.7663
vn 0.1703 0.4876 0.8563
vn 0.1828 0.3492 0.9191
vn 0.1905 0.2145 0.9580
vn 0.1945 0.0747 0.9780
vn 0.1944 -0.0862 0.9771
vn 0.1887 -0.2544 0.9485
vn 0.1773 -0.4169 0.8915
vn 0.1589 -0.5803 0.7988
vn 0.1319 -0.7370 0.6630
vn 0.0958 -0.8712 0.4815
vn 0.0542 -0.9606 0.2726
vn -0.0000 0.9608 0.2773
vn -0.0000 0.8760 0.4823
vn -0.0000 0.7567 0.6538
vn -0.0000 0.6242 0.7813
vn -0.0000 0.4876 0.8731
vn -0.0000 0.3492 0.9371
vn -0.0000 0.2145 0.9767
vn -0.0000 0.0747 0.9972
vn -0.0000 -0.0862 0.9963
vn -0.0000 -0.2544 0.9671
vn -0.0000 -0.4169 0.9090
vn -0.0000 -0.5803 0.8144
vn -0.0000 -0.7370 0.6759
vn -0.0000 -0.8712 0.4909
vn -0.0000 -0.9606 0.2779
vn -0.0541 0.9608 0.2720
vn -0.0941 0.8760 0.4730
vn -0.1275 0.7567 0.6412
vn -0.1524 0.6242 0.7663
vn -0.1703 0.4876 0.8563
vn -0.1828 0.3492 0.9191
vn -0.1905 0.2145 0.9580
vn -0.1945 0.0747 0.9780
vn -0.1944 -0.0862 0.9771
vn -0.1887 -0.2544 0.9485
vn -0.1773 -0.4169 0.8915
vn -0.1589 -0.5803 0.7988
vn -0.1319 -0.7370 0.6630
vn -0.0958 -0.8712 0.4815
vn -0.0542 -0.9606 0.2726
vn -0.0000 1.0000 -0.0000
vn -0.1061 0.9608 0.2562
vn -0.1846 0.8760 0.4456
vn -0.2502 0.7567 0.6040
vn -0.2990 0.6242 0.7218
vn -0.3341 0.4876 0.8066
vn -0.3586 0.3492 0.8657
vn -0.3738 0.2145 0.9024
vn -0.3816 0.0747 0.9213
vn -0.3813 -0.0862 0.9204
vn -0.3701 -0.2544 0.8935
vn -0.3478 -0.4169 0.8398
vn -0.3117 -0.5803 0.7524
vn -0.2587 -0.7370 0.6245
vn -0.1879 -0.8712 0.4536
vn -0.1064 -0.9606 0.2568
vn -0.1541 0.9608 0.2306
vn -0.2679 0.8760 0.4010
vn -0.3632 0.7567 0.5436
vn -0.4341 0.6242 0.6496
vn -0.4850 0.4876 0.7259
vn -0.5206 0.3492 0.7791
vn -0.5426 0.2145 0.8121
vn -0.5540 0.0747 0.8291
vn -0.5535 -0.0862 0.8284
vn -0.5373 -0.2544 0.8041
vn -0.5050 -0.4169 0.7558
vn -0.4525 -0.5803 0.6772
vn -0.3755 -0.7370 0.5620
vn -0.2727 -0.8712 0.4082
vn -0.1544 -0.9606 0.2311
vn -0.1961 0.9608 0.1961
vn -0.3410 0.8760 0.3410
vn -0.4623 0.7567 0.4623
vn -0.5525 0.6242 0.5525
vn -0.6173 0.4876 0.6173
vn -0.6626 0.3492 0.6626
vn -0.6906 0.2145 0.6906
vn -0.7051 0.0747 0.7051
vn -0.7045 -0.0862 0.7045
vn -0.6838 -0.2544 0.6838
vn -0.6427 -0.4169 0.6427
vn -0.5759 -0.5803 0.5759
vn -0.4780 -0.7370 0.4780
vn -0.3471 -0.8712 0.3471
vn -0.1965 -0.9606 0.1965
vn -0.2306 0.9608 0.1541
vn -0.4010 0.8760 0.2679
vn -0.5436 0.7567 0.3632
vn -0.6496 0.6242 0.4341
vn -0.7259 0.4876 0.4850
vn -0.7791 0.3492 0.5206
vn -0.8121 0.2145 0.5426
vn -0.8291 0.0747 0.5540
vn -0.8284 -0.0862 0.5535
vn -0.8041 -0.2544 0.5373
vn -0.7558 -0.4169 0.5050
vn -0.6772 -0.5803 0.4525
vn -0.5620 -0.7370 0.3755
vn -0.4082 -0.8712 0.2727
vn -0.2311 -0.9606 0.1544
vn -0.2562 0.9608 0.1061
vn -0.4456 0.8760 0.1846
vn -0.6040 0.7567 0.2502
vn -0.7218 0.6242 0.2990
vn -0.8066 0.4876 0.3341
vn -0.8657 0.3492 0.3586
vn -0.9024 0.2145 0.3738
vn -0.9213 0.0747 0.3816
vn -0.9204 -0.0862 0.3813
vn -0.8935 -0.2544 0.3701
vn -0.8398 -0.4169 0.3478
vn -0.7524 -0.5803 0.3117
vn -0.6245 -0.7370 0.2587
vn -0.4536 -0.8712 0.1879
vn -0.2568 -0.9606 0.1064
vn -0.2720 0.9608 0.0541
vn -0.4730 0.8760 0.0941
vn -0.6412 0.7567 0.1276
vn -0.7663 0.6242 0.1524
vn -0.8563 0.4876 0.1703
vn -0.9191 0.3492 0.1828
vn -0.9580 0.2145 0.1905
vn -0.9780 0.0747 0.1945
vn -0.9771 -0.0862 0.1944
vn -0.9485 -0.2544 0.1887
vn -0.8915 -0.4169 0.1773
vn -0.7988 -0.5803 0.1589
vn -0.6630 -0.7370 0.1319
vn -0.4815 -0.8712 0.0958
vn -0.2726 -0.9606 0.0542
vn -0.2773 0.9608 -0.0000
vn -0.4823 0.8760 -0.0000
vn -0.6538 0.7567 -0.0000
vn -0.7813 0.6242 -0.0000
vn -0.8731 0.4876 -0.0000
vn -0.9371 0.3492 -0.0000
vn -0.9767 0.2145 -0.0000
vn -0.9972 0.0747 -0.0000
vn -0.9963 -0.0862 -0.0000
vn -0.9671 -0.2544 -0.0000
vn -0.9090 -0.4169 -0.0000
vn -0.8144 -0.5803 -0.0000
vn -0.6759 -0.7370 -0.0000
vn -0.4909 -0.8712 -0.0000
vn -0.2779 -0.9606 -0.0000
vn -0.2720 0.9608 -0.0541
vn -0.4730 0.8760 -0.0941
vn -0.6412 0.7567 -0.1276
vn -0.7663 0.6242 -0.1524
vn -0.8563 0.4876 -0.1703
vn -0.9191 0.3492 -0.1828
vn -0.9580 0.2145 -0.1906
vn -0.9780 0.0747 -0.1945
vn -0.9771 -0.0862 -0.1944
vn -0.9485 -0.2544 -0.1887
vn -0.8915 -0.4169 -0.1773
vn -0.7988 -0.5803 -0.1589
vn -0.6630 -0.7370 -0.1319
vn -0.4815 -0.8712 -0.0958
vn -0.2726 -0.9606 -0.0542
vn -0.2562 0.9608 -0.1061
vn -0.4456 0.8760 -0.1846
vn -0.6040 0.7567 -0.2502
vn -0.7218 0.6242 -0.2990
vn -0.8066 0.4876 -0.3341
vn -0.8657 0.3492 -0.3586
vn -0.9024 0.2145 -0.3738
vn -0.9213 0.0747 -0.3816
vn -0.9204 -0.0862 -0.3813
vn -0.8935 -0.2544 -0.3701
vn -0.8398 -0.4169 -0.3478
vn -0.7524 -0.5803 -0.3117
vn -0.6245 -0.7370 -0.2587
vn -0.4536 -0.8712 -0.1879
vn -0.2568 -0.9606 -0.1064
vn -0.2306 0.9608 -0.1541
vn -0.4010 0.8760 -0.2679
vn -0.5436 0.7567 -0.3632
vn -0.6496 0.6242 -0.4341
vn -0.7259 0.4876 -0.4850
vn -0.7791 0.3492 -0.5206
vn -0.8121 0.2145 -0.5426
vn -0.8291 0.0747 -0.5540
vn -0.8284 -0.0862 -0.5535
vn -0.8041 -0.2544 -0.5373
vn -0.7558 -0.4169 -0.5050
vn -0.6772 -0.5803 -0.4525
vn -0.5620 -0.7370 -0.3755
vn -0.4082 -0.8712 -0.2728
vn -0.2311 -0.9606 -0.1544
vn -0.1961 0.9608 -0.1961
vn -0.3410 0.8760 -0.3410
vn -0.4623 0.7567 -0.4623
vn -0.5525 0.6242 -0.5525
vn -0.6173 0.4876 -0.6173
vn -0.6626 0.3492 -0.6626
vn -0.6906 0.2145 -0.6906
vn -0.7051 0.0747 -0.7051
vn -0.7045 -0.0862 -0.7045
vn -0.6838 -0.2544 -0.6838
vn -0.6427 -0.4169 -0.6427
vn -0.5759 -0.5803 -0.5759
vn -0.4780 -0.7370 -0.4780
vn -0.3471 -0.8712 -0.3471
vn -0.1965 -0.9606 -0.1965
vn -0.1541 0.9608 -0.2306
vn -0.2679 0.8760 -0.4010
vn -0.3632 0.7567 -0.5436
vn -0.4341 0.6242 -0.6496
vn -0.4850 0.4876 -0.7259
vn -0.5206 0.3492 -0.7791
vn -0.5426 0.2145 -0.8121
vn -0.5540 0.0747 -0.8291
vn -0.5535 -0.0862 -0.8284
vn -0.5373 -0.2544 -0.8041
vn -0.5050 -0.4169 -0.7558
vn -0.4525 -0.5803 -0.6772
vn -0.3755 -0.7370 -0.5620
vn -0.2727 -0.8712 -0.4082
vn -0.1544 -0.9606 -0.2311
vn -0.1061 0.9608 -0.2562
vn -0.1846 0.8760 -0.4456
vn -0.2502 0.7567 -0.6040
vn -0.2990 0.6242 -0.7218
vn -0.3341 0.4876 -0.8066
vn -0.3586 0.3492 -0.8657
vn -0.3738 0.2145 -0.9024
vn -0.3816 0.0747 -0.9213
vn -0.3813 -0.0862 -0.9204
vn -0.3701 -0.2544 -0.8935
vn -0.3478 -0.4169 -0.8398
vn -0.3117 -0.5803 -0.7524
vn -0.2587 -0.7370 -0.6245
vn -0.1879 -0.8712 -0.4536
vn -0.1064 -0.9606 -0.2568
vn -0.0541 0.9608 -0.2720
vn -0.0941 0.8760 -0.4730
vn -0.1275 0.7567 -0.6412
vn -0.1524 0.6242 -0.7663
vn -0.1703 0.4876 -0.8563
vn -0.1828 0.3492 -0.9191
vn -0.1905 0.2145 -0.9580
vn -0.1945 0.0747 -0.9780
vn -0.1944 -0.0862 -0.9771
vn -0.1887 -0.2544 -0.9485
vn -0.1773 -0.4169 -0.8915
vn -0.1589 -0.5803 -0.7988
vn -0.1319 -0.7370 -0.6630
vn -0.0958 -0.8712 -0.4815
vn -0.0542 -0.9606 -0.2726
vn -0.0000 0.9608 -0.2773
vn -0.0000 0.8760 -0.4823
vn -0.0000 0.7567 -0.6538
vn -0.0000 0.6242 -0.7813
vn -0.0000 0.4876 -0.8731
vn -0.0000 0.3492 -0.9371
vn -0.0000 0.2145 -0.9767
vn -0.0000 0.0747 -0.9972
vn -0.0000 -0.0862 -0.9963
vn -0.0000 -0.2544 -0.9671
vn -0.0000 -0.4169 -0.9090
vn -0.0000 -0.5803 -0.8144
vn -0.0000 -0.7370 -0.6759
vn -0.0000 -0.8712 -0.4909
vn -0.0000 -0.9606 -0.2779
vn 0.0748 0.9235 -0.3763
vn 0.1119 0.8192 -0.5625
vn 0.1410 0.6912 -0.7087
vn 0.1621 0.5562 -0.8151
vn 0.1772 0.4185 -0.8908
vn 0.1872 0.2810 -0.9413
vn 0.1930 0.1468 -0.9702
vn 0.1951 -0.0030 -0.9808
vn 0.1922 -0.1715 -0.9663
vn 0.1838 -0.3355 -0.9239
vn 0.1691 -0.4987 -0.8501
vn 0.1465 -0.6602 -0.7366
vn 0.1149 -0.8083 -0.5774
vn 0.0756 -0.9219 -0.3800
vn 0.1468 0.9235 -0.3545
vn 0.2195 0.8192 -0.5299
vn 0.2765 0.6912 -0.6676
vn 0.3180 0.5562 -0.7678
vn 0.3476 0.4185 -0.8391
vn 0.3673 0.2810 -0.8867
vn 0.3785 0.1468 -0.9139
vn 0.3827 -0.0030 -0.9239
vn 0.3770 -0.1715 -0.9102
vn 0.3605 -0.3355 -0.8703
vn 0.3317 -0.4987 -0.8008
vn 0.2874 -0.6602 -0.6939
vn 0.2253 -0.8083 -0.5439
vn 0.1483 -0.9219 -0.3579
vn 0.2534 0.4876 -0.8355
vn 0.2268 0.6242 -0.7476
vn 0.1962 -0.7370 -0.6468
vn 0.2364 -0.5803 -0.7794
vn 0.2720 0.3492 -0.8967
vn 0.1425 -0.8712 -0.4698
vn 0.2835 0.2145 -0.9347
vn 0.0819 -0.9594 -0.2699
vn 0.2895 0.0747 -0.9543
vn 0.0816 0.9596 -0.2691
vn 0.2892 -0.0862 -0.9534
vn 0.1400 0.8760 -0.4615
vn 0.2807 -0.2544 -0.9255
vn 0.1898 0.7567 -0.6257
vn 0.2639 -0.4169 -0.8698
vn 0.2132 0.9235 -0.3190
vn 0.3186 0.8192 -0.4769
vn 0.4015 0.6912 -0.6008
vn 0.4617 0.5562 -0.6910
vn 0.5046 0.4185 -0.7551
vn 0.5332 0.2810 -0.7980
vn 0.5496 0.1468 -0.8225
vn 0.5556 -0.0030 -0.8315
vn 0.5473 -0.1715 -0.8192
vn 0.5234 -0.3355 -0.7833
vn 0.4815 -0.4987 -0.7207
vn 0.4173 -0.6602 -0.6245
vn 0.3271 -0.8083 -0.4895
vn 0.2152 -0.9219 -0.3221
vn 0.4696 -0.0862 -0.8786
vn 0.4701 0.0747 -0.8795
vn 0.2273 0.8760 -0.4253
vn 0.1326 0.9596 -0.2480
vn 0.4559 -0.2544 -0.8529
vn 0.3082 0.7567 -0.5766
vn 0.4285 -0.4169 -0.8016
vn 0.3683 0.6242 -0.6890
vn 0.3839 -0.5803 -0.7183
vn 0.4116 0.4876 -0.7700
vn 0.3186 -0.7370 -0.5961
vn 0.4417 0.3492 -0.8264
vn 0.2314 -0.8712 -0.4329
vn 0.4604 0.2145 -0.8614
vn 0.1329 -0.9594 -0.2487
vn 0.2713 0.9235 -0.2713
vn 0.4056 0.8192 -0.4056
vn 0.5110 0.6912 -0.5110
vn 0.5876 0.5562 -0.5876
vn 0.6422 0.4185 -0.6422
vn 0.6786 0.2810 -0.6786
vn 0.6994 0.1468 -0.6994
vn 0.7071 -0.0030 -0.7071
vn 0.6966 -0.1715 -0.6966
vn 0.6661 -0.3355 -0.6661
vn 0.6129 -0.4987 -0.6129
vn 0.5311 -0.6602 -0.5311
vn 0.4163 -0.8083 -0.4163
vn 0.2739 -0.9219 -0.2739
vn 0.4288 -0.7370 -0.5225
vn 0.5167 -0.5803 -0.6296
vn 0.5945 0.3492 -0.7244
vn 0.5539 0.4876 -0.6749
vn 0.3114 -0.8712 -0.3795
vn 0.6196 0.2145 -0.7550
vn 0.1789 -0.9594 -0.2180
vn 0.6326 0.0747 -0.7709
vn 0.1784 0.9596 -0.2174
vn 0.6320 -0.0862 -0.7701
vn 0.3059 0.8760 -0.3728
vn 0.6135 -0.2544 -0.7476
vn 0.4148 0.7567 -0.5054
vn 0.5766 -0.4169 -0.7026
vn 0.4956 0.6242 -0.6039
vn 0.3190 0.9235 -0.2132
vn 0.4769 0.8192 -0.3187
vn 0.6008 0.6912 -0.4015
vn 0.6910 0.5562 -0.4617
vn 0.7551 0.4185 -0.5046
vn 0.7980 0.2810 -0.5332
vn 0.8225 0.1468 -0.5496
vn 0.8315 -0.0030 -0.5556
vn 0.8192 -0.1715 -0.5473
vn 0.7833 -0.3355 -0.5234
vn 0.7207 -0.4987 -0.4816
vn 0.6245 -0.6602 -0.4173
vn 0.4895 -0.8083 -0.3271
vn 0.3221 -0.9219 -0.2152
vn 0.7476 -0.2544 -0.6135
vn 0.7701 -0.0862 -0.6320
vn 0.5054 0.7567 -0.4148
vn 0.3728 0.8760 -0.3059
vn 0.7026 -0.4169 -0.5766
vn 0.6039 0.6242 -0.4956
vn 0.6296 -0.5803 -0.5167
vn 0.6749 0.4876 -0.5539
vn 0.5225 -0.7370 -0.4288
vn 0.7244 0.3492 -0.5945
vn 0.3795 -0.8712 -0.3114
vn 0.7550 0.2145 -0.6196
vn 0.2180 -0.9594 -0.1789
vn 0.7708 0.0747 -0.6326
vn 0.2174 0.9596 -0.1784
vn 0.3545 0.9235 -0.1468
vn 0.5299 0.8192 -0.2195
vn 0.6676 0.6912 -0.2765
vn 0.7678 0.5562 -0.3180
vn 0.8391 0.4185 -0.3476
vn 0.8867 0.2810 -0.3673
vn 0.9139 0.1468 -0.3785
vn 0.9239 -0.0030 -0.3827
vn 0.9102 -0.1715 -0.3770
vn 0.8703 -0.3355 -0.3605
vn 0.8008 -0.4987 -0.3317
vn 0.6939 -0.6602 -0.2874
vn 0.5439 -0.8083 -0.2253
vn 0.3579 -0.9219 -0.1483
vn 0.4329 -0.8712 -0.2314
vn 0.5961 -0.7370 -0.3186
vn 0.8614 0.2145 -0.4604
vn 0.8264 0.3492 -0.4417
vn 0.2487 -0.9594 -0.1329
vn 0.8795 0.0747 -0.4701
vn 0.2480 0.9596 -0.1326
vn 0.8786 -0.0862 -0.4696
vn 0.4253 0.8760 -0.2273
vn 0.8529 -0.2544 -0.4559
vn 0.5766 0.7567 -0.3082
vn 0.8016 -0.4169 -0.4285
vn 0.6890 0.6242 -0.3683
vn 0.7183 -0.5803 -0.3839
vn 0.7700 0.4876 -0.4116
vn 0.3763 0.9235 -0.0749
vn 0.5625 0.8192 -0.1119
vn 0.7087 0.6912 -0.1410
vn 0.8151 0.5562 -0.1621
vn 0.8908 0.4185 -0.1772
vn 0.9413 0.2810 -0.1872
vn 0.9702 0.1468 -0.1930
vn 0.9808 -0.0030 -0.1951
vn 0.9663 -0.1715 -0.1922
vn 0.9239 -0.3355 -0.1838
vn 0.8501 -0.4987 -0.1691
vn 0.7366 -0.6602 -0.1465
vn 0.5774 -0.8083 -0.1149
vn 0.3800 -0.9219 -0.0756
vn 0.6257 0.7567 -0.1898
vn 0.4615 0.8760 -0.1400
vn 0.8698 -0.4169 -0.2639
vn 0.9255 -0.2544 -0.2807
vn 0.7476 0.6242 -0.2268
vn 0.7794 -0.5803 -0.2364
vn 0.8355 0.4876 -0.2534
vn 0.6468 -0.7370 -0.1962
vn 0.8967 0.3492 -0.2720
vn 0.4698 -0.8712 -0.1425
vn 0.9347 0.2145 -0.2835
vn 0.2699 -0.9594 -0.0819
vn 0.9543 0.0747 -0.2895
vn 0.2691 0.9596 -0.0816
vn 0.9534 -0.0862 -0.2892
vn 0.3837 0.9235 -0.0000
vn 0.5736 0.8192 -0.0000
vn 0.7226 0.6912 -0.0000
vn 0.8310 0.5562 -0.0000
vn 0.9082 0.4185 -0.0000
vn 0.9597 0.2810 -0.0000
vn 0.9892 0.1468 -0.0000
vn 1.0000 -0.0030 -0.0000
vn 0.9852 -0.1715 -0.0000
vn 0.9420 -0.3355 -0.0000
vn 0.8668 -0.4987 -0.0000
vn 0.7511 -0.6602 -0.0000
vn 0.5887 -0.8083 -0.0000
vn 0.3874 -0.9219 -0.0000
vn 0.9720 0.2145 -0.0957
vn 0.9325 0.3492 -0.0918
vn 0.2807 -0.9594 -0.0276
vn 0.4885 -0.8712 -0.0481
vn 0.9924 0.0747 -0.0977
vn 0.2799 0.9596 -0.0276
vn 0.9915 -0.0862 -0.0977
vn 0.4799 0.8760 -0.0473
vn 0.9624 -0.2544 -0.0948
vn 0.6507 0.7567 -0.0641
vn 0.9046 -0.4169 -0.0891
vn 0.7775 0.6242 -0.0766
vn 0.8105 -0.5803 -0.0798
vn 0.8689 0.4876 -0.0856
vn 0.6727 -0.7370 -0.0663
vn 0.3763 0.9235 0.0748
vn 0.5625 0.8192 0.1119
vn 0.7087 0.6912 0.1410
vn 0.8151 0.5562 0.1621
vn 0.8908 0.4185 0.1772
vn 0.9413 0.2810 0.1872
vn 0.9702 0.1468 0.1930
vn 0.9808 -0.0030 0.1951
vn 0.9663 -0.1715 0.1922
vn 0.9239 -0.3355 0.1838
vn 0.8501 -0.4987 0.1691
vn 0.7366 -0.6602 0.1465
vn 0.5774 -0.8083 0.1149
vn 0.3800 -0.9219 0.0756
vn 0.9046 -0.4169 0.0891
vn 0.9624 -0.2544 0.0948
vn 0.7775 0.6242 0.0766
vn 0.6507 0.7567 0.0641
vn 0.8105 -0.5803 0.0798
vn 0.8689 0.4876 0.0856
vn 0.6727 -0.7370 0.0663
vn 0.9325 0.3492 0.0918
vn 0.4885 -0.8712 0.0481
vn 0.9720 0.2145 0.0957
vn 0.2807 -0.9594 0.0276
vn 0.9924 0.0747 0.0977
vn 0.2799 0.9596 0.0276
vn 0.9915 -0.0862 0.0977
vn 0.4799 0.8760 0.0473
vn 0.3545 0.9235 0.1468
vn 0.5299 0.8192 0.2195
vn 0.6676 0.6912 0.2765
vn 0.7678 0.5562 0.3180
vn 0.8391 0.4185 0.3476
vn 0.8867 0.2810 0.3673
vn 0.9139 0.1468 0.3785
vn 0.9239 -0.0030 0.3827
vn 0.9102 -0.1715 0.3770
vn 0.8703 -0.3355 0.3605
vn 0.8008 -0.4987 0.3317
vn 0.6939 -0.6602 0.2874
vn 0.5439 -0.8083 0.2253
vn 0.3579 -0.9219 0.1483
vn 0.2699 -0.9594 0.0819
vn 0.4698 -0.8712 0.1425
vn 0.9543 0.0747 0.2895
vn 0.9347 0.2145 0.2835
vn 0.2691 0.9596 0.0816
vn 0.9534 -0.0862 0.2892
vn 0.4615 0.8760 0.1400
vn 0.9255 -0.2544 0.2807
vn 0.6257 0.7567 0.1898
vn 0.8698 -0.4169 0.2639
vn 0.7476 0.6242 0.2268
vn 0.7794 -0.5803 0.2364
vn 0.8355 0.4876 0.2534
vn 0.6468 -0.7370 0.1962
vn 0.8967 0.3492 0.2720
vn 0.3190 0.9235 0.2132
vn 0.4769 0.8192 0.3187
vn 0.6008 0.6912 0.4015
vn 0.6910 0.5562 0.4617
vn 0.7551 0.4185 0.5046
vn 0.7980 0.2810 0.5332
vn 0.8225 0.1468 0.5496
vn 0.8315 -0.0030 0.5556
vn 0.8192 -0.1715 0.5473
vn 0.7833 -0.3355 0.5234
vn 0.7207 -0.4987 0.4816
vn 0.6245 -0.6602 0.4173
vn 0.4895 -0.8083 0.3271
vn 0.3221 -0.9219 0.2152
vn 0.6890 0.6242 0.3683
vn 0.5766 0.7567 0.3082
vn 0.7183 -0.5803 0.3839
vn 0.8016 -0.4169 0.4285
vn 0.7700 0.4876 0.4116
vn 0.5961 -0.7370 0.3186
vn 0.8264 0.3492 0.4417
vn 0.4329 -0.8712 0.2314
vn 0.8614 0.2145 0.4604
vn 0.2487 -0.9594 0.1329
vn 0.8795 0.0747 0.4701
vn 0.2480 0.9596 0.1326
vn 0.8786 -0.0862 0.4696
vn 0.4253 0.8760 0.2273
vn 0.8529 -0.2544 0.4559
vn 0.2713 0.9235 0.2713
vn 0.4056 0.8192 0.4056
vn 0.5110 0.6912 0.5110
vn 0.5876 0.5562 0.5876
vn 0.6422 0.4185 0.6422
vn 0.6786 0.2810 0.6786
vn 0.6994 0.1468 0.6995
vn 0.7071 -0.0030 0.7071
vn 0.6966 -0.1715 0.6966
vn 0.6661 -0.3355 0.6661
vn 0.6129 -0.4987 0.6129
vn 0.5311 -0.6602 0.5311
vn 0.4163 -0.8083 0.4163
vn 0.2739 -0.9219 0.2739
vn 0.7708 0.0747 0.6326
vn 0.7550 0.2145 0.6196
vn 0.2174 0.9596 0.1784
vn 0.2180 -0.9594 0.1789
vn 0.7701 -0.0862 0.6320
vn 0.3728 0.8760 0.3059
vn 0.7476 -0.2544 0.6135
vn 0.5054 0.7567 0.4148
vn 0.7026 -0.4169 0.5766
vn 0.6039 0.6242 0.4956
vn 0.6296 -0.5803 0.5167
vn 0.6749 0.4876 0.5539
vn 0.5225 -0.7370 0.4288
vn 0.7244 0.3492 0.5945
vn 0.3795 -0.8712 0.3114
vn 0.2132 0.9235 0.3190
vn 0.3187 0.8192 0.4769
vn 0.4015 0.6912 0.6008
vn 0.4617 0.5562 0.6910
vn 0.5046 0.4185 0.7551
vn 0.5332 0.2810 0.7980
vn 0.5496 0.1468 0.8225
vn 0.5556 -0.0030 0.8315
vn 0.5473 -0.1715 0.8192
vn 0.5234 -0.3355 0.7833
vn 0.4815 -0.4987 0.7207
vn 0.4173 -0.6602 0.6245
vn 0.3271 -0.8083 0.4895
vn 0.2152 -0.9219 0.3221
vn 0.5167 -0.5803 0.6296
vn 0.5766 -0.4169 0.7026
vn 0.5539 0.4876 0.6749
vn 0.4956 0.6242 0.6039
vn 0.4288 -0.7370 0.5225
vn 0.5945 0.3492 0.7244
vn 0.3114 -0.8712 0.3795
vn 0.6196 0.2145 0.7550
vn 0.1789 -0.9594 0.2180
vn 0.6326 0.0747 0.7709
vn 0.1784 0.9596 0.2174
vn 0.6320 -0.0862 0.7701
vn 0.3059 0.8760 0.3728
vn 0.6135 -0.2544 0.7476
vn 0.4148 0.7567 0.5054
vn 0.1468 0.9235 0.3545
vn 0.2195 0.8192 0.5299
vn 0.2765 0.6912 0.6676
vn 0.3180 0.5562 0.7678
vn 0.3476 0.4185 0.8391
vn 0.3673 0.2810 0.8867
vn 0.3785 0.1468 0.9139
vn 0.3827 -0.0030 0.9239
vn 0.3770 -0.1715 0.9102
vn 0.3605 -0.3355 0.8703
vn 0.3317 -0.4987 0.8008
vn 0.2874 -0.6602 0.6939
vn 0.2253 -0.8083 0.5439
vn 0.1483 -0.9219 0.3579
vn 0.1329 -0.9594 0.2487
vn 0.4696 -0.0862 0.8786
vn 0.4701 0.0747 0.8795
vn 0.2273 0.8760 0.4253
vn 0.1326 0.9596 0.2480
vn 0.4559 -0.2544 0.8529
vn 0.3082 0.7567 0.5766
vn 0.4285 -0.4169 0.8016
vn 0.3683 0.6242 0.6890
vn 0.3839 -0.5803 0.7183
vn 0.4116 0.4876 0.7700
vn 0.3186 -0.7370 0.5961
vn 0.4417 0.3492 0.8264
vn 0.2314 -0.8712 0.4329
vn 0.4604 0.2145 0.8614
vn 0.0748 0.9235 0.3763
vn 0.1119 0.8192 0.5625
vn 0.1410 0.6912 0.7087
vn 0.1621 0.5562 0.8151
vn 0.1772 0.4185 0.8908
vn 0.1872 0.2810 0.9413
vn 0.1930 0.1468 0.9702
vn 0.1951 -0.0030 0.9808
vn 0.1922 -0.1715 0.9663
vn 0.1838 -0.3355 0.9239
vn 0.1691 -0.4987 0.8501
vn 0.1465 -0.6602 0.7366
vn 0.1149 -0.8083 0.5774
vn 0.0756 -0.9219 0.3800
vn 0.1962 -0.7370 0.6468
vn 0.2364 -0.5803 0.7794
vn 0.2720 0.3492 0.8967
vn 0.2534 0.4876 0.8355
vn 0.1425 -0.8712 0.4698
vn 0.2835 0.2145 0.9347
vn 0.0819 -0.9594 0.2699
vn 0.2895 0.0747 0.9543
vn 0.0816 0.9596 0.2691
vn 0.2892 -0.0862 0.9534
vn 0.1400 0.8760 0.4615
vn 0.2807 -0.2544 0.9255
vn 0.1898 0.7567 0.6257
vn 0.2639 -0.4169 0.8698
vn 0.2268 0.6242 0.7476
vn -0.0000 0.9235 0.3837
vn -0.0000 0.8192 0.5736
vn -0.0000 0.6912 0.7226
vn -0.0000 0.5562 0.8310
vn -0.0000 0.4185 0.9082
vn -0.0000 0.2810 0.9597
vn -0.0000 0.1468 0.9892
vn -0.0000 -0.0030 1.0000
vn -0.0000 -0.1715 0.9852
vn -0.0000 -0.3355 0.9420
vn -0.0000 -0.4987 0.8668
vn -0.0000 -0.6602 0.7511
vn -0.0000 -0.8083 0.5887
vn -0.0000 -0.9219 0.3874
vn 0.0473 0.8760 0.4799
vn 0.0276 0.9596 0.2799
vn 0.0948 -0.2544 0.9624
vn 0.0977 -0.0862 0.9915
vn 0.0641 0.7567 0.6507
vn 0.0891 -0.4169 0.9046
vn 0.0766 0.6242 0.7775
vn 0.0798 -0.5803 0.8105
vn 0.0856 0.4876 0.8689
vn 0.0663 -0.7370 0.6727
vn 0.0918 0.3492 0.9325
vn 0.0481 -0.8712 0.4885
vn 0.0957 0.2145 0.9720
vn 0.0276 -0.9594 0.2807
vn 0.0977 0.0747 0.9924
vn -0.0748 0.9235 0.3763
vn -0.1119 0.8192 0.5625
vn -0.1410 0.6912 0.7087
vn -0.1621 0.5562 0.8151
vn -0.1772 0.4185 0.8908
vn -0.1872 0.2810 0.9413
vn -0.1930 0.1468 0.9702
vn -0.1951 -0.0030 0.9808
vn -0.1922 -0.1715 0.9663
vn -0.1838 -0.3355 0.9239
vn -0.1691 -0.4987 0.8501
vn -0.1465 -0.6602 0.7366
vn -0.1149 -0.8083 0.5774
vn -0.0756 -0.9219 0.3800
vn -0.0918 0.3492 0.9325
vn -0.0856 0.4876 0.8689
vn -0.0481 -0.8712 0.4885
vn -0.0663 -0.7370 0.6727
vn -0.0957 0.2145 0.9720
vn -0.0276 -0.9594 0.2807
vn -0.0977 0.0747 0.9924
vn -0.0276 0.9596 0.2799
vn -0.0977 -0.0862 0.9915
vn -0.0473 0.8760 0.4799
vn -0.0948 -0.2544 0.9624
vn -0.0641 0.7567 0.6507
vn -0.0891 -0.4169 0.9046
vn -0.0766 0.6242 0.7775
vn -0.0798 -0.5803 0.8105
vn -0.0542 0.9899 0.1307
vn -0.1468 0.9235 0.3545
vn -0.2195 0.8192 0.5299
vn -0.2765 0.6912 0.6676
vn -0.3180 0.5562 0.7678
vn -0.3476 0.4185 0.8391
vn -0.3673 0.2810 0.8867
vn -0.3785 0.1468 0.9139
vn -0.3827 -0.0030 0.9239
vn -0.3770 -0.1715 0.9102
vn -0.3605 -0.3355 0.8703
vn -0.3317 -0.4987 0.8008
vn -0.2874 -0.6602 0.6939
vn -0.2253 -0.8083 0.5439
vn -0.1483 -0.9219 0.3579
vn -0.2807 -0.2544 0.9255
vn -0.2892 -0.0862 0.9534
vn -0.1898 0.7567 0.6257
vn -0.1400 0.8760 0.4615
vn -0.2639 -0.4169 0.8698
vn -0.2268 0.6242 0.7476
vn -0.2364 -0.5803 0.7794
vn -0.2534 0.4876 0.8355
vn -0.1962 -0.7370 0.6468
vn -0.2720 0.3492 0.8967
vn -0.1425 -0.8712 0.4698
vn -0.2835 0.2145 0.9347
vn -0.0819 -0.9594 0.2699
vn -0.2895 0.0747 0.9543
vn -0.0816 0.9596 0.2691
vn -0.2132 0.9235 0.3190
vn -0.3187 0.8192 0.4769
vn -0.4015 0.6912 0.6008
vn -0.4617 0.5562 0.6910
vn -0.5046 0.4185 0.7551
vn -0.5332 0.2810 0.7980
vn -0.5496 0.1468 0.8225
vn -0.5556 -0.0030 0.8315
vn -0.5473 -0.1715 0.8192
vn -0.5234 -0.3355 0.7833
vn -0.4815 -0.4987 0.7207
vn -0.4173 -0.6602 0.6245
vn -0.3271 -0.8083 0.4895
vn -0.2152 -0.9219 0.3221
vn -0.2314 -0.8712 0.4329
vn -0.3186 -0.7370 0.5961
vn -0.4604 0.2145 0.8614
vn -0.4417 0.3492 0.8264
vn -0.1329 -0.9594 0.2487
vn -0.4701 0.0747 0.8795
vn -0.1326 0.9596 0.2480
vn -0.4696 -0.0862 0.8786
vn -0.2273 0.8760 0.4253
vn -0.4559 -0.2544 0.8529
vn -0.3082 0.7567 0.5766
vn -0.4285 -0.4169 0.8016
vn -0.3683 0.6242 0.6890
vn -0.3839 -0.5803 0.7183
vn -0.4116 0.4876 0.7700
vn -0.2713 0.9235 0.2713
vn -0.4056 0.8192 0.4056
vn -0.5110 0.6912 0.5110
vn -0.5876 0.5562 0.5876
vn -0.6422 0.4185 0.6422
vn -0.6786 0.2810 0.6786
vn -0.6994 0.1468 0.6995
vn -0.7071 -0.0030 0.7071
vn -0.6966 -0.1715 0.6966
vn -0.6661 -0.3355 0.6661
vn -0.6129 -0.4987 0.6129
vn -0.5311 -0.6602 0.5311
vn -0.4163 -0.8083 0.4163
vn -0.2739 -0.9219 0.2739
vn -0.4148 0.7567 0.5054
vn -0.3059 0.8760 0.3728
vn -0.5766 -0.4169 0.7026
vn -0.6135 -0.2544 0.7476
vn -0.4956 0.6242 0.6039
vn -0.5167 -0.5803 0.6296
vn -0.5539 0.4876 0.6749
vn -0.4288 -0.7370 0.5225
vn -0.5945 0.3492 0.7244
vn -0.3114 -0.8712 0.3795
vn -0.6196 0.2145 0.7550
vn -0.1789 -0.9594 0.2180
vn -0.6326 0.0747 0.7709
vn -0.1784 0.9596 0.2174
vn -0.6320 -0.0862 0.7701
vn -0.3190 0.9235 0.2132
vn -0.4769 0.8192 0.3187
vn -0.6008 0.6912 0.4015
vn -0.6910 0.5562 0.4617
vn -0.7551 0.4185 0.5046
vn -0.7980 0.2810 0.5332
vn -0.8225 0.1468 0.5496
vn -0.8315 -0.0030 0.5556
vn -0.8192 -0.1715 0.5473
vn -0.7833 -0.3355 0.5234
vn -0.7207 -0.4987 0.4816
vn -0.6245 -0.6602 0.4173
vn -0.4895 -0.8083 0.3271
vn -0.3221 -0.9219 0.2152
vn -0.7550 0.2145 0.6196
vn -0.7244 0.3492 0.5945
vn -0.2180 -0.9594 0.1789
vn -0.3795 -0.8712 0.3114
vn -0.7708 0.0747 0.6326
vn -0.2174 0.9596 0.1784
vn -0.7701 -0.0862 0.6320
vn -0.3728 0.8760 0.3059
vn -0.7476 -0.2544 0.6135
vn -0.5054 0.7567 0.4148
vn -0.7026 -0.4169 0.5766
vn -0.6039 0.6242 0.4956
vn -0.6296 -0.5803 0.5167
vn -0.6749 0.4876 0.5539
vn -0.5225 -0.7370 0.4288
vn -0.3545 0.9235 0.1468
vn -0.5299 0.8192 0.2195
vn -0.6676 0.6912 0.2765
vn -0.7678 0.5562 0.3180
vn -0.8391 0.4185 0.3476
vn -0.8867 0.2810 0.3673
vn -0.9139 0.1468 0.3785
vn -0.9239 -0.0030 0.3827
vn -0.9102 -0.1715 0.3770
vn -0.8703 -0.3355 0.3605
vn -0.8008 -0.4987 0.3317
vn -0.6939 -0.6602 0.2874
vn -0.5439 -0.8083 0.2253
vn -0.3579 -0.9219 0.1483
vn -0.8016 -0.4169 0.4285
vn -0.8529 -0.2544 0.4559
vn -0.6890 0.6242 0.3683
vn -0.5766 0.7567 0.3082
vn -0.7183 -0.5803 0.3839
vn -0.7700 0.4876 0.4116
vn -0.5961 -0.7370 0.3186
vn -0.8264 0.3492 0.4417
vn -0.4329 -0.8712 0.2314
vn -0.8614 0.2145 0.4604
vn -0.2487 -0.9594 0.1329
vn -0.8795 0.0747 0.4701
vn -0.2480 0.9596 0.1326
vn -0.8786 -0.0862 0.4696
vn -0.4253 0.8760 0.2273
vn -0.3763 0.9235 0.0748
vn -0.5625 0.8192 0.1119
vn -0.7087 0.6912 0.1410
vn -0.8151 0.5562 0.1621
vn -0.8908 0.4185 0.1772
vn -0.9413 0.2810 0.1872
vn -0.9702 0.1468 0.1930
vn -0.9808 -0.0030 0.1951
vn -0.9663 -0.1715 0.1922
vn -0.9239 -0.3355 0.1838
vn -0.8501 -0.4987 0.1691
vn -0.7366 -0.6602 0.1465
vn -0.5774 -0.8083 0.1149
vn -0.3800 -0.9219 0.0756
vn -0.2699 -0.9594 0.0819
vn -0.4698 -0.8712 0.1425
vn -0.9543 0.0747 0.2895
vn -0.9347 0.2145 0.2835
vn -0.2691 0.9596 0.0816
vn -0.9534 -0.0862 0.2892
vn -0.4615 0.8760 0.1400
vn -0.9255 -0.2544 0.2807
vn -0.6257 0.7567 0.1898
vn -0.8698 -0.4169 0.2639
vn -0.7476 0.6242 0.2268
vn -0.7794 -0.5803 0.2364
vn -0.8355 0.4876 0.2534
vn -0.6468 -0.7370 0.1962
vn -0.8967 0.3492 0.2720
vn -0.3837 0.9235 -0.0000
vn -0.5736 0.8192 -0.0000
vn -0.7226 0.6912 -0.0000
vn -0.8310 0.5562 -0.0000
vn -0.9082 0.4185 -0.0000
vn -0.9597 0.2810 -0.0000
vn -0.9892 0.1468 -0.0000
vn -1.0000 -0.0030 -0.0000
vn -0.9852 -0.1715 -0.0000
vn -0.9420 -0.3355 -0.0000
vn -0.8668 -0.4987 -0.0000
vn -0.7511 -0.6602 -0.0000
vn -0.5887 -0.8083 -0.0000
vn -0.3874 -0.9219 -0.0000
vn -0.8105 -0.5803 0.0798
vn -0.9046 -0.4169 0.0891
vn -0.8689 0.4876 0.0856
vn -0.7775 0.6242 0.0766
vn -0.6727 -0.7370 0.0663
vn -0.9325 0.3492 0.0918
vn -0.4885 -0.8712 0.0481
vn -0.9720 0.2145 0.0957
vn -0.2807 -0.9594 0.0276
vn -0.9924 0.0747 0.0977
vn -0.2799 0.9596 0.0276
vn -0.9915 -0.0862 0.0977
vn -0.4799 0.8760 0.0473
vn -0.9624 -0.2544 0.0948
vn -0.6507 0.7567 0.0641
vn -0.3763 0.9235 -0.0748
vn -0.5625 0.8192 -0.1119
vn -0.7087 0.6912 -0.1410
vn -0.8151 0.5562 -0.1621
vn -0.8908 0.4185 -0.1772
vn -0.9413 0.2810 -0.1872
vn -0.9702 0.1468 -0.1930
vn -0.9808 -0.0030 -0.1951
vn -0.9663 -0.1715 -0.1922
vn -0.9239 -0.3355 -0.1838
vn -0.8501 -0.4987 -0.1691
vn -0.7366 -0.6602 -0.1465
vn -0.5774 -0.8083 -0.1149
vn -0.3800 -0.9219 -0.0756
vn -0.2799 0.9596 -0.0276
vn -0.2807 -0.9594 -0.0276
vn -0.9915 -0.0862 -0.0977
vn -0.9924 0.0747 -0.0977
vn -0.4799 0.8760 -0.0473
vn -0.9624 -0.2544 -0.0948
vn -0.6507 0.7567 -0.0641
vn -0.9046 -0.4169 -0.0891
vn -0.7775 0.6242 -0.0766
vn -0.8105 -0.5803 -0.0798
vn -0.8689 0.4876 -0.0856
vn -0.6727 -0.7370 -0.0663
vn -0.9325 0.3492 -0.0918
vn -0.4885 -0.8712 -0.0481
vn -0.9720 0.2145 -0.0957
vn -0.3545 0.9235 -0.1468
vn -0.5299 0.8192 -0.2195
vn -0.6676 0.6912 -0.2765
vn -0.7678 0.5562 -0.3180
vn -0.8391 0.4185 -0.3476
vn -0.8867 0.2810 -0.3673
vn -0.9139 0.1468 -0.3785
vn -0.9239 -0.0030 -0.3827
vn -0.9102 -0.1715 -0.3770
vn -0.8703 -0.3355 -0.3605
vn -0.8008 -0.4987 -0.3317
vn -0.6939 -0.6602 -0.2874
vn -0.5439 -0.8083 -0.2253
vn -0.3579 -0.9219 -0.1483
vn -0.8355 0.4876 -0.2534
vn -0.7476 0.6242 -0.2268
vn -0.6468 -0.7370 -0.1962
vn -0.7794 -0.5803 -0.2364
vn -0.8967 0.3492 -0.2720
vn -0.4698 -0.8712 -0.1425
vn -0.9347 0.2145 -0.2835
vn -0.2699 -0.9594 -0.0819
vn -0.9543 0.0747 -0.2895
vn -0.2691 0.9596 -0.0816
vn -0.9534 -0.0862 -0.2892
vn -0.4615 0.8760 -0.1400
vn -0.9255 -0.2544 -0.2807
vn -0.6257 0.7567 -0.1898
vn -0.8698 -0.4169 -0.2639
vn -0.3190 0.9235 -0.2132
vn -0.4769 0.8192 -0.3187
vn -0.6008 0.6912 -0.4015
vn -0.6910 0.5562 -0.4617
vn -0.7551 0.4185 -0.5046
vn -0.7980 0.2810 -0.5332
vn -0.8225 0.1468 -0.5496
vn -0.8315 -0.0030 -0.5556
vn -0.8191 -0.1715 -0.5473
vn -0.7833 -0.3355 -0.5234
vn -0.7207 -0.4987 -0.4816
vn -0.6245 -0.6602 -0.4173
vn -0.4895 -0.8083 -0.3271
vn -0.3221 -0.9219 -0.2152
vn -0.8786 -0.0862 -0.4696
vn -0.8795 0.0747 -0.4701
vn -0.4253 0.8760 -0.2273
vn -0.2480 0.9596 -0.1326
vn -0.8529 -0.2544 -0.4559
vn -0.5766 0.7567 -0.3082
vn -0.8016 -0.4169 -0.4285
vn -0.6890 0.6242 -0.3683
vn -0.7183 -0.5803 -0.3839
vn -0.7700 0.4876 -0.4116
vn -0.5961 -0.7370 -0.3186
vn -0.8264 0.3492 -0.4417
vn -0.4329 -0.8712 -0.2314
vn -0.8614 0.2145 -0.4604
vn -0.2487 -0.9594 -0.1329
vn -0.2713 0.9235 -0.2713
vn -0.4056 0.8192 -0.4056
vn -0.5110 0.6912 -0.5110
vn -0.5876 0.5562 -0.5876
vn -0.6422 0.4185 -0.6422
vn -0.6786 0.2810 -0.6786
vn -0.6994 0.1468 -0.6995
vn -0.7071 -0.0030 -0.7071
vn -0.6966 -0.1715 -0.6966
vn -0.6661 -0.3355 -0.6661
vn -0.6129 -0.4987 -0.6129
vn -0.5311 -0.6602 -0.5311
vn -0.4163 -0.8083 -0.4163
vn -0.2739 -0.9219 -0.2739
vn -0.5225 -0.7370 -0.4288
vn -0.6296 -0.5803 -0.5167
vn -0.7244 0.3492 -0.5945
vn -0.6749 0.4876 -0.5539
vn -0.3795 -0.8712 -0.3114
vn -0.7550 0.2145 -0.6196
vn -0.2180 -0.9594 -0.1789
vn -0.7708 0.0747 -0.6326
vn -0.2174 0.9596 -0.1784
vn -0.7701 -0.0862 -0.6320
vn -0.3728 0.8760 -0.3059
vn -0.7476 -0.2544 -0.6135
vn -0.5054 0.7567 -0.4148
vn -0.7026 -0.4169 -0.5766
vn -0.6039 0.6242 -0.4956
vn -0.2132 0.9235 -0.3190
vn -0.3187 0.8192 -0.4769
vn -0.4015 0.6912 -0.6008
vn -0.4617 0.5562 -0.6910
vn -0.5046 0.4185 -0.7551
vn -0.5332 0.2810 -0.7980
vn -0.5495 0.1468 -0.8225
vn -0.5556 -0.0030 -0.8315
vn -0.5473 -0.1715 -0.8192
vn -0.5234 -0.3355 -0.7833
vn -0.4815 -0.4987 -0.7207
vn -0.4173 -0.6602 -0.6245
vn -0.3271 -0.8083 -0.4895
vn -0.2152 -0.9219 -0.3221
vn -0.3059 0.8760 -0.3728
vn -0.1784 0.9596 -0.2174
vn -0.6135 -0.2544 -0.7476
vn -0.6320 -0.0862 -0.7701
vn -0.4148 0.7567 -0.5054
vn -0.5766 -0.4169 -0.7026
vn -0.4956 0.6242 -0.6039
vn -0.5167 -0.5803 -0.6296
vn -0.5539 0.4876 -0.6749
vn -0.4288 -0.7370 -0.5225
vn -0.5945 0.3492 -0.7244
vn -0.3114 -0.8712 -0.3795
vn -0.6196 0.2145 -0.7550
vn -0.1789 -0.9594 -0.2180
vn -0.6326 0.0747 -0.7709
vn -0.1468 0.9235 -0.3545
vn -0.2195 0.8192 -0.5299
vn -0.2765 0.6912 -0.6676
vn -0.3180 0.5562 -0.7678
vn -0.3476 0.4185 -0.8391
vn -0.3673 0.2810 -0.8867
vn -0.3785 0.1468 -0.9139
vn -0.3827 -0.0030 -0.9239
vn -0.3770 -0.1715 -0.9102
vn -0.3605 -0.3355 -0.8703
vn -0.3317 -0.4987 -0.8008
vn -0.2874 -0.6602 -0.6939
vn -0.2253 -0.8083 -0.5439
vn -0.1483 -0.9219 -0.3579
vn -0.4417 0.3492 -0.8264
vn -0.4116 0.4876 -0.7700
vn -0.2314 -0.8712 -0.4329
vn -0.3186 -0.7370 -0.5961
vn -0.4604 0.2145 -0.8614
vn -0.1329 -0.9594 -0.2487
vn -0.4701 0.0747 -0.8795
vn -0.1326 0.9596 -0.2480
vn -0.4696 -0.0862 -0.8786
vn -0.2273 0.8760 -0.4253
vn -0.4559 -0.2544 -0.8529
vn -0.3082 0.7567 -0.5766
vn -0.4285 -0.4169 -0.8016
vn -0.3683 0.6242 -0.6890
vn -0.3839 -0.5803 -0.7183
vn -0.0748 0.9235 -0.3763
vn -0.1119 0.8192 -0.5625
vn -0.1410 0.6912 -0.7087
vn -0.1621 0.5562 -0.8151
vn -0.1772 0.4185 -0.8908
vn -0.1872 0.2810 -0.9413
vn -0.1930 0.1468 -0.9702
vn -0.1951 -0.0030 -0.9808
vn -0.1922 -0.1715 -0.9663
vn -0.1838 -0.3355 -0.9239
vn -0.1691 -0.4987 -0.8501
vn -0.1465 -0.6602 -0.7366
vn -0.1149 -0.8083 -0.5774
vn -0.0756 -0.9219 -0.3800
vn -0.2807 -0.2544 -0.9255
vn -0.2892 -0.0862 -0.9534
vn -0.1898 0.7567 -0.6257
vn -0.1400 0.8760 -0.4615
vn -0.2639 -0.4169 -0.8698
vn -0.2268 0.6242 -0.7476
vn -0.2364 -0.5803 -0.7794
vn -0.2534 0.4876 -0.8355
vn -0.1962 -0.7370 -0.6468
vn -0.2720 0.3492 -0.8967
vn -0.1425 -0.8712 -0.4698
vn -0.2835 0.2145 -0.9347
vn -0.0819 -0.9594 -0.2699
vn -0.2895 0.0747 -0.9543
vn -0.0816 0.9596 -0.2691
vn -0.0000 0.9235 -0.3837
vn -0.0000 0.8192 -0.5736
vn -0.0000 0.6912 -0.7226
vn -0.0000 0.5562 -0.8310
vn -0.0000 0.4185 -0.9082
vn -0.0000 0.2810 -0.9597
vn -0.0000 0.1468 -0.9892
vn -0.0000 -0.0030 -1.0000
vn -0.0000 -0.1715 -0.9852
vn -0.0000 -0.3355 -0.9420
vn -0.0000 -0.4987 -0.8668
vn -0.0000 -0.6602 -0.7511
vn -0.0000 -0.8083 -0.5887
vn -0.0000 -0.9219 -0.3874
vn -0.0481 -0.8712 -0.4885
vn -0.0663 -0.7370 -0.6727
vn -0.0957 0.2145 -0.9720
vn -0.0918 0.3492 -0.9325
vn -0.0276 -0.9594 -0.2807
vn -0.0977 0.0747 -0.9924
vn -0.0276 0.9596 -0.2799
vn -0.0977 -0.0862 -0.9915
vn -0.0473 0.8760 -0.4799
vn -0.0948 -0.2544 -0.9624
vn -0.0641 0.7567 -0.6507
vn -0.0891 -0.4169 -0.9046
vn -0.0766 0.6242 -0.7775
vn -0.0798 -0.5803 -0.8105
vn -0.0856 0.4876 -0.8689
vn -0.0000 0.9899 -0.1415
vn -0.0000 -0.9855 -0.1695
vn 0.0276 0.9899 -0.1388
vn 0.0331 -0.9855 -0.1662
vn 0.0481 -0.8712 -0.4885
vn 0.0663 -0.7370 -0.6727
vn 0.0957 0.2145 -0.9720
vn 0.0918 0.3492 -0.9326
vn 0.0276 -0.9594 -0.2807
vn 0.0977 0.0747 -0.9924
vn 0.0276 0.9596 -0.2799
vn 0.0976 -0.0862 -0.9915
vn 0.0473 0.8760 -0.4799
vn 0.0948 -0.2544 -0.9624
vn 0.0641 0.7567 -0.6507
vn 0.0891 -0.4169 -0.9046
vn 0.0766 0.6242 -0.7775
vn 0.0798 -0.5803 -0.8105
vn 0.0856 0.4876 -0.8689
vn 0.0541 0.9899 -0.1307
vn 0.0649 -0.9855 -0.1566
vn 0.0786 0.9899 -0.1177
vn 0.0942 -0.9855 -0.1409
vn 0.1001 0.9899 -0.1001
vn 0.1198 -0.9855 -0.1198
vn 0.1177 0.9899 -0.0786
vn 0.1409 -0.9855 -0.0942
vn 0.1307 0.9899 -0.0542
vn 0.1566 -0.9855 -0.0649
vn 0.1388 0.9899 -0.0276
vn 0.1662 -0.9855 -0.0331
vn 0.1415 0.9899 -0.0000
vn 0.1695 -0.9855 -0.0000
vn 0.1388 0.9899 0.0276
vn 0.1662 -0.9855 0.0331
vn 0.1307 0.9899 0.0542
vn 0.1566 -0.9855 0.0649
vn 0.1177 0.9899 0.0786
vn 0.1409 -0.9855 0.0942
vn 0.1001 0.9899 0.1001
vn 0.1198 -0.9855 0.1198
vn 0.0786 0.9899 0.1177
vn 0.0942 -0.9855 0.1409
vn 0.0542 0.9899 0.1307
vn 0.0649 -0.9855 0.1566
vn 0.0276 0.9899 0.1388
vn 0.0331 -0.9855 0.1662
vn -0.0000 0.9899 0.1415
vn -0.0000 -0.9855 0.1695
vn -0.0276 0.9899 0.1388
vn -0.0331 -0.9855 0.1662
vn -0.0649 -0.9855 0.1566
vn -0.0786 0.9899 0.1177
vn -0.0942 -0.9855 0.1409
vn -0.1001 0.9899 0.1001
vn -0.1198 -0.9855 0.1198
vn -0.1177 0.9899 0.0786
vn -0.1409 -0.9855 0.0942
vn -0.1307 0.9899 0.0542
vn -0.1566 -0.9855 0.0649
vn -0.1388 0.9899 0.0276
vn -0.1662 -0.9855 0.0331
vn -0.1415 0.9899 -0.0000
vn -0.1695 -0.9855 -0.0000
vn -0.1388 0.9899 -0.0276
vn -0.1662 -0.9855 -0.0331
vn -0.1307 0.9899 -0.0541
vn -0.1566 -0.9855 -0.0649
vn -0.1177 0.9899 -0.0786
vn -0.1409 -0.9855 -0.0942
vn -0.1001 0.9899 -0.1001
vn -0.1198 -0.9855 -0.1198
vn -0.0786 0.9899 -0.1177
vn -0.0942 -0.9855 -0.1409
vn -0.0542 0.9899 -0.1307
vn -0.0649 -0.9855 -0.1566
vn -0.0276 0.9899 -0.1388
vn -0.0331 -0.9855 -0.1662
vn 0.0577 -0.8083 -0.5859
vn 0.0941 0.2810 -0.9551
vn 0.0380 -0.9219 -0.3856
vn 0.0970 0.1468 -0.9844
vn 0.0199 0.9792 -0.2021
vn 0.0205 -0.9780 -0.2078
vn 0.0980 -0.0030 -0.9952
vn 0.0376 0.9234 -0.3819
vn 0.0966 -0.1715 -0.9804
vn 0.0562 0.8192 -0.5708
vn 0.0923 -0.3355 -0.9375
vn 0.0708 0.6912 -0.7192
vn 0.0850 -0.4987 -0.8626
vn 0.0815 0.5562 -0.8270
vn 0.0736 -0.6602 -0.7474
vn 0.0890 0.4185 -0.9038
vn 0.2412 0.5562 -0.7953
vn 0.2180 -0.6602 -0.7187
vn 0.2636 0.4185 -0.8691
vn 0.1709 -0.8083 -0.5634
vn 0.2786 0.2810 -0.9184
vn 0.1125 -0.9219 -0.3708
vn 0.2871 0.1468 -0.9466
vn 0.0590 0.9792 -0.1943
vn 0.0606 -0.9780 -0.1998
vn 0.2903 -0.0030 -0.9569
vn 0.1114 0.9234 -0.3672
vn 0.2860 -0.1715 -0.9428
vn 0.1665 0.8192 -0.5489
vn 0.2735 -0.3355 -0.9015
vn 0.2098 0.6912 -0.6915
vn 0.2516 -0.4987 -0.8294
vn 0.4714 -0.0030 -0.8819
vn 0.1809 0.9234 -0.3384
vn 0.4644 -0.1715 -0.8689
vn 0.2704 0.8192 -0.5058
vn 0.4441 -0.3355 -0.8308
vn 0.3406 0.6912 -0.6373
vn 0.4086 -0.4987 -0.7644
vn 0.3917 0.5562 -0.7329
vn 0.3540 -0.6602 -0.6624
vn 0.4281 0.4185 -0.8010
vn 0.2775 -0.8083 -0.5192
vn 0.4524 0.2810 -0.8464
vn 0.1827 -0.9219 -0.3418
vn 0.4663 0.1468 -0.8724
vn 0.0957 0.9792 -0.1791
vn 0.0984 -0.9780 -0.1842
vn 0.4765 -0.6602 -0.5806
vn 0.5762 0.4185 -0.7021
vn 0.3735 -0.8083 -0.4551
vn 0.6088 0.2810 -0.7419
vn 0.2458 -0.9219 -0.2996
vn 0.6275 0.1468 -0.7646
vn 0.1288 0.9792 -0.1570
vn 0.1325 -0.9780 -0.1614
vn 0.6344 -0.0030 -0.7730
vn 0.2434 0.9234 -0.2967
vn 0.6250 -0.1715 -0.7616
vn 0.3639 0.8192 -0.4434
vn 0.5976 -0.3355 -0.7282
vn 0.4584 0.6912 -0.5586
vn 0.5499 -0.4987 -0.6700
vn 0.5272 0.5562 -0.6424
vn 0.7616 -0.1715 -0.6250
vn 0.4434 0.8192 -0.3639
vn 0.7282 -0.3355 -0.5976
vn 0.5586 0.6912 -0.4584
vn 0.6700 -0.4987 -0.5499
vn 0.6424 0.5562 -0.5272
vn 0.5806 -0.6602 -0.4765
vn 0.7020 0.4185 -0.5762
vn 0.4551 -0.8083 -0.3735
vn 0.7419 0.2810 -0.6088
vn 0.2995 -0.9219 -0.2458
vn 0.7646 0.1468 -0.6275
vn 0.1570 0.9792 -0.1288
vn 0.1614 -0.9780 -0.1325
vn 0.7730 -0.0030 -0.6344
vn 0.2967 0.9234 -0.2435
vn 0.5192 -0.8083 -0.2775
vn 0.8464 0.2810 -0.4524
vn 0.3418 -0.9219 -0.1827
vn 0.8724 0.1468 -0.4663
vn 0.1791 0.9792 -0.0957
vn 0.1842 -0.9780 -0.0984
vn 0.8819 -0.0030 -0.4714
vn 0.3384 0.9234 -0.1809
vn 0.8689 -0.1715 -0.4644
vn 0.5058 0.8192 -0.2704
vn 0.8308 -0.3355 -0.4441
vn 0.6373 0.6912 -0.3406
vn 0.7644 -0.4987 -0.4086
vn 0.7329 0.5562 -0.3918
vn 0.6624 -0.6602 -0.3540
vn 0.8010 0.4185 -0.4281
vn 0.5489 0.8192 -0.1665
vn 0.9015 -0.3355 -0.2735
vn 0.6915 0.6912 -0.2098
vn 0.8294 -0.4987 -0.2516
vn 0.7953 0.5562 -0.2412
vn 0.7187 -0.6602 -0.2180
vn 0.8691 0.4185 -0.2636
vn 0.5634 -0.8083 -0.1709
vn 0.9184 0.2810 -0.2786
vn 0.3708 -0.9219 -0.1125
vn 0.9466 0.1468 -0.2871
vn 0.1943 0.9792 -0.0590
vn 0.1998 -0.9780 -0.0606
vn 0.9569 -0.0030 -0.2903
vn 0.3672 0.9234 -0.1114
vn 0.9428 -0.1715 -0.2860
vn 0.9551 0.2810 -0.0941
vn 0.3856 -0.9219 -0.0380
vn 0.9844 0.1468 -0.0970
vn 0.2021 0.9792 -0.0199
vn 0.2078 -0.9780 -0.0205
vn 0.9952 -0.0030 -0.0980
vn 0.3819 0.9234 -0.0376
vn 0.9804 -0.1715 -0.0966
vn 0.5708 0.8192 -0.0562
vn 0.9375 -0.3355 -0.0923
vn 0.7191 0.6912 -0.0708
vn 0.8626 -0.4987 -0.0850
vn 0.8270 0.5562 -0.0815
vn 0.7474 -0.6602 -0.0736
vn 0.9038 0.4185 -0.0890
vn 0.5859 -0.8083 -0.0577
vn 0.9375 -0.3355 0.0923
vn 0.7191 0.6912 0.0708
vn 0.8626 -0.4987 0.0850
vn 0.8270 0.5562 0.0815
vn 0.7474 -0.6602 0.0736
vn 0.9038 0.4185 0.0890
vn 0.5859 -0.8083 0.0577
vn 0.9551 0.2810 0.0941
vn 0.3856 -0.9219 0.0380
vn 0.9844 0.1468 0.0970
vn 0.2021 0.9792 0.0199
vn 0.2078 -0.9780 0.0205
vn 0.9952 -0.0030 0.0980
vn 0.3819 0.9234 0.0376
vn 0.9804 -0.1715 0.0966
vn 0.5708 0.8192 0.0562
vn 0.3708 -0.9219 0.1125
vn 0.9466 0.1468 0.2871
vn 0.1943 0.9792 0.0590
vn 0.1998 -0.9780 0.0606
vn 0.9569 -0.0030 0.2903
vn 0.3672 0.9234 0.1114
vn 0.9428 -0.1715 0.2860
vn 0.5489 0.8192 0.1665
vn 0.9015 -0.3355 0.2735
vn 0.6915 0.6912 0.2098
vn 0.8294 -0.4987 0.2516
vn 0.7953 0.5562 0.2412
vn 0.7187 -0.6602 0.2180
vn 0.8691 0.4185 0.2636
vn 0.5634 -0.8083 0.1709
vn 0.9184 0.2810 0.2786
vn 0.6373 0.6912 0.3406
vn 0.7644 -0.4987 0.4086
vn 0.7329 0.5562 0.3918
vn 0.6624 -0.6602 0.3540
vn 0.8010 0.4185 0.4281
vn 0.5192 -0.8083 0.2775
vn 0.8464 0.2810 0.4524
vn 0.3418 -0.9219 0.1827
vn 0.8724 0.1468 0.4663
vn 0.1791 0.9792 0.0957
vn 0.1842 -0.9780 0.0984
vn 0.8819 -0.0030 0.4714
vn 0.3384 0.9234 0.1809
vn 0.8689 -0.1715 0.4644
vn 0.5058 0.8192 0.2704
vn 0.8308 -0.3355 0.4441
vn 0.7646 0.1468 0.6275
vn 0.1570 0.9792 0.1288
vn 0.1614 -0.9780 0.1325
vn 0.7730 -0.0030 0.6344
vn 0.2966 0.9234 0.2435
vn 0.7616 -0.1715 0.6250
vn 0.4434 0.8192 0.3639
vn 0.7282 -0.3355 0.5976
vn 0.5586 0.6912 0.4584
vn 0.6700 -0.4987 0.5499
vn 0.6424 0.5562 0.5272
vn 0.5806 -0.6602 0.4765
vn 0.7020 0.4185 0.5762
vn 0.4551 -0.8083 0.3735
vn 0.7419 0.2810 0.6088
vn 0.2995 -0.9219 0.2458
vn 0.5499 -0.4987 0.6700
vn 0.5272 0.5562 0.6424
vn 0.4765 -0.6602 0.5806
vn 0.5762 0.4185 0.7021
vn 0.3735 -0.8083 0.4551
vn 0.6088 0.2810 0.7419
vn 0.2458 -0.9219 0.2996
vn 0.6275 0.1468 0.7646
vn 0.1288 0.9792 0.1570
vn 0.1325 -0.9780 0.1614
vn 0.6344 -0.0030 0.7730
vn 0.2435 0.9234 0.2967
vn 0.6250 -0.1715 0.7616
vn 0.3639 0.8192 0.4434
vn 0.5976 -0.3355 0.7282
vn 0.4584 0.6912 0.5586
vn 0.0984 -0.9780 0.1842
vn 0.4714 -0.0030 0.8819
vn 0.1809 0.9234 0.3384
vn 0.4644 -0.1715 0.8689
vn 0.2704 0.8192 0.5058
vn 0.4441 -0.3355 0.8308
vn 0.3406 0.6912 0.6373
vn 0.4086 -0.4987 0.7644
vn 0.3917 0.5562 0.7329
vn 0.3540 -0.6602 0.6624
vn 0.4281 0.4185 0.8010
vn 0.2775 -0.8083 0.5192
vn 0.4524 0.2810 0.8464
vn 0.1827 -0.9219 0.3418
vn 0.4663 0.1468 0.8724
vn 0.0957 0.9792 0.1791
vn 0.2180 -0.6602 0.7187
vn 0.2636 0.4185 0.8691
vn 0.1709 -0.8083 0.5634
vn 0.2786 0.2810 0.9184
vn 0.1125 -0.9219 0.3708
vn 0.2871 0.1468 0.9466
vn 0.0590 0.9792 0.1943
vn 0.0606 -0.9780 0.1998
vn 0.2903 -0.0030 0.9569
vn 0.1114 0.9234 0.3672
vn 0.2860 -0.1715 0.9428
vn 0.1665 0.8192 0.5489
vn 0.2735 -0.3355 0.9015
vn 0.2098 0.6912 0.6915
vn 0.2516 -0.4987 0.8294
vn 0.2412 0.5562 0.7953
vn 0.0376 0.9234 0.3819
vn 0.0966 -0.1715 0.9804
vn 0.0562 0.8192 0.5708
vn 0.0923 -0.3355 0.9375
vn 0.0708 0.6912 0.7192
vn 0.0850 -0.4987 0.8626
vn 0.0815 0.5562 0.8270
vn 0.0736 -0.6602 0.7474
vn 0.0890 0.4185 0.9038
vn 0.0577 -0.8083 0.5859
vn 0.0941 0.2810 0.9551
vn 0.0380 -0.9219 0.3856
vn 0.0970 0.1468 0.9844
vn 0.0199 0.9792 0.2021
vn 0.0205 -0.9780 0.2078
vn 0.0980 -0.0030 0.9952
vn -0.0890 0.4185 0.9038
vn -0.0577 -0.8083 0.5859
vn -0.0941 0.2810 0.9551
vn -0.0380 -0.9219 0.3856
vn -0.0970 0.1468 0.9844
vn -0.0199 0.9792 0.2021
vn -0.0205 -0.9780 0.2078
vn -0.0980 -0.0030 0.9952
vn -0.0376 0.9234 0.3819
vn -0.0966 -0.1715 0.9804
vn -0.0562 0.8192 0.5708
vn -0.0923 -0.3355 0.9375
vn -0.0708 0.6912 0.7192
vn -0.0850 -0.4987 0.8626
vn -0.0815 0.5562 0.8270
vn -0.0736 -0.6602 0.7474
vn -0.2860 -0.1715 0.9428
vn -0.1665 0.8192 0.5489
vn -0.2735 -0.3355 0.9015
vn -0.2098 0.6912 0.6915
vn -0.2516 -0.4987 0.8294
vn -0.2412 0.5562 0.7953
vn -0.2180 -0.6602 0.7187
vn -0.2636 0.4185 0.8691
vn -0.1709 -0.8083 0.5634
vn -0.2786 0.2810 0.9184
vn -0.1125 -0.9219 0.3708
vn -0.2871 0.1468 0.9466
vn -0.0590 0.9792 0.1943
vn -0.0606 -0.9780 0.1998
vn -0.2903 -0.0030 0.9569
vn -0.1114 0.9234 0.3672
vn -0.2775 -0.8083 0.5192
vn -0.4524 0.2810 0.8464
vn -0.1827 -0.9219 0.3418
vn -0.4663 0.1468 0.8724
vn -0.0957 0.9792 0.1791
vn -0.0984 -0.9780 0.1842
vn -0.4714 -0.0030 0.8819
vn -0.1809 0.9234 0.3384
vn -0.4644 -0.1715 0.8689
vn -0.2704 0.8192 0.5058
vn -0.4441 -0.3355 0.8308
vn -0.3406 0.6912 0.6373
vn -0.4086 -0.4987 0.7644
vn -0.3917 0.5562 0.7329
vn -0.3540 -0.6602 0.6624
vn -0.4281 0.4185 0.8010
vn -0.3639 0.8192 0.4434
vn -0.5976 -0.3355 0.7282
vn -0.4584 0.6912 0.5586
vn -0.5499 -0.4987 0.6700
vn -0.5272 0.5562 0.6424
vn -0.4765 -0.6602 0.5806
vn -0.5762 0.4185 0.7021
vn -0.3735 -0.8083 0.4551
vn -0.6088 0.2810 0.7419
vn -0.2458 -0.9219 0.2996
vn -0.6275 0.1468 0.7646
vn -0.1288 0.9792 0.1570
vn -0.1325 -0.9780 0.1614
vn -0.6344 -0.0030 0.7730
vn -0.2435 0.9234 0.2967
vn -0.6250 -0.1715 0.7616
vn -0.7419 0.2810 0.6088
vn -0.2995 -0.9219 0.2458
vn -0.7646 0.1468 0.6275
vn -0.1570 0.9792 0.1288
vn -0.1614 -0.9780 0.1325
vn -0.7730 -0.0030 0.6344
vn -0.2966 0.9234 0.2435
vn -0.7616 -0.1715 0.6250
vn -0.4434 0.8192 0.3639
vn -0.7282 -0.3355 0.5976
vn -0.5586 0.6912 0.4584
vn -0.6700 -0.4987 0.5499
vn -0.6424 0.5562 0.5272
vn -0.5806 -0.6602 0.4765
vn -0.7020 0.4185 0.5762
vn -0.4551 -0.8083 0.3735
vn -0.8308 -0.3355 0.4441
vn -0.6373 0.6912 0.3406
vn -0.7644 -0.4987 0.4086
vn -0.7329 0.5562 0.3918
vn -0.6624 -0.6602 0.3540
vn -0.8010 0.4185 0.4281
vn -0.5192 -0.8083 0.2775
vn -0.8464 0.2810 0.4524
vn -0.3418 -0.9219 0.1827
vn -0.8724 0.1468 0.4663
vn -0.1791 0.9792 0.0957
vn -0.1842 -0.9780 0.0984
vn -0.8819 -0.0030 0.4714
vn -0.3384 0.9234 0.1809
vn -0.8689 -0.1715 0.4644
vn -0.5058 0.8192 0.2704
vn -0.3708 -0.9219 0.1125
vn -0.9466 0.1468 0.2871
vn -0.1943 0.9792 0.0590
vn -0.1998 -0.9780 0.0606
vn -0.9569 -0.0030 0.2903
vn -0.3672 0.9234 0.1114
vn -0.9428 -0.1715 0.2860
vn -0.5489 0.8192 0.1665
vn -0.9015 -0.3355 0.2735
vn -0.6915 0.6912 0.2098
vn -0.8294 -0.4987 0.2516
vn -0.7953 0.5562 0.2412
vn -0.7187 -0.6602 0.2180
vn -0.8691 0.4185 0.2636
vn -0.5634 -0.8083 0.1709
vn -0.9184 0.2810 0.2786
vn -0.8626 -0.4987 0.0850
vn -0.8270 0.5562 0.0815
vn -0.7474 -0.6602 0.0736
vn -0.9038 0.4185 0.0890
vn -0.5859 -0.8083 0.0577
vn -0.9551 0.2810 0.0941
vn -0.3856 -0.9219 0.0380
vn -0.9844 0.1468 0.0970
vn -0.2021 0.9792 0.0199
vn -0.2078 -0.9780 0.0205
vn -0.9952 -0.0030 0.0980
vn -0.3819 0.9234 0.0376
vn -0.9804 -0.1715 0.0966
vn -0.5708 0.8192 0.0562
vn -0.9375 -0.3355 0.0923
vn -0.7191 0.6912 0.0708
vn -0.2021 0.9792 -0.0199
vn -0.2078 -0.9780 -0.0205
vn -0.9952 -0.0030 -0.0980
vn -0.3819 0.9234 -0.0376
vn -0.9804 -0.1715 -0.0966
vn -0.5708 0.8192 -0.0562
vn -0.9375 -0.3355 -0.0923
vn -0.7191 0.6912 -0.0708
vn -0.8626 -0.4987 -0.0850
vn -0.8270 0.5562 -0.0815
vn -0.7474 -0.6602 -0.0736
vn -0.9038 0.4185 -0.0890
vn -0.5859 -0.8083 -0.0577
vn -0.9551 0.2810 -0.0941
vn -0.3856 -0.9219 -0.0380
vn -0.9844 0.1468 -0.0970
vn -0.7953 0.5562 -0.2412
vn -0.7187 -0.6602 -0.2180
vn -0.8691 0.4185 -0.2636
vn -0.5634 -0.8083 -0.1709
vn -0.9184 0.2810 -0.2786
vn -0.3708 -0.9219 -0.1125
vn -0.9466 0.1468 -0.2871
vn -0.1943 0.9792 -0.0590
vn -0.1998 -0.9780 -0.0606
vn -0.9569 -0.0030 -0.2903
vn -0.3672 0.9234 -0.1114
vn -0.9428 -0.1715 -0.2860
vn -0.5489 0.8192 -0.1665
vn -0.9015 -0.3355 -0.2735
vn -0.6915 0.6912 -0.2098
vn -0.8294 -0.4987 -0.2516
vn -0.8819 -0.0030 -0.4714
vn -0.3384 0.9234 -0.1809
vn -0.8689 -0.1715 -0.4644
vn -0.5058 0.8192 -0.2704
vn -0.8308 -0.3355 -0.4441
vn -0.6373 0.6912 -0.3406
vn -0.7644 -0.4987 -0.4086
vn -0.7329 0.5562 -0.3918
vn -0.6624 -0.6602 -0.3540
vn -0.8010 0.4185 -0.4281
vn -0.5192 -0.8083 -0.2775
vn -0.8464 0.2810 -0.4524
vn -0.3418 -0.9219 -0.1827
vn -0.8724 0.1468 -0.4663
vn -0.1791 0.9792 -0.0957
vn -0.1842 -0.9780 -0.0984
vn -0.5806 -0.6602 -0.4765
vn -0.7020 0.4185 -0.5762
vn -0.4551 -0.8083 -0.3735
vn -0.7419 0.2810 -0.6088
vn -0.2995 -0.9219 -0.2458
vn -0.7646 0.1468 -0.6275
vn -0.1570 0.9792 -0.1288
vn -0.1614 -0.9780 -0.1325
vn -0.7730 -0.0030 -0.6344
vn -0.2966 0.9234 -0.2435
vn -0.7616 -0.1715 -0.6250
vn -0.4434 0.8192 -0.3639
vn -0.7282 -0.3355 -0.5976
vn -0.5586 0.6912 -0.4584
vn -0.6700 -0.4987 -0.5499
vn -0.6424 0.5562 -0.5272
vn -0.2434 0.9234 -0.2967
vn -0.6250 -0.1715 -0.7616
vn -0.3639 0.8192 -0.4434
vn -0.5976 -0.3355 -0.7282
vn -0.4584 0.6912 -0.5586
vn -0.5499 -0.4987 -0.6700
vn -0.5272 0.5562 -0.6424
vn -0.4765 -0.6602 -0.5806
vn -0.5762 0.4185 -0.7021
vn -0.3735 -0.8083 -0.4551
vn -0.6088 0.2810 -0.7419
vn -0.2458 -0.9219 -0.2996
vn -0.6275 0.1468 -0.7646
vn -0.1288 0.9792 -0.1570
vn -0.1325 -0.9780 -0.1614
vn -0.6344 -0.0030 -0.7730
vn -0.4281 0.4185 -0.8010
vn -0.2775 -0.8083 -0.5192
vn -0.4524 0.2810 -0.8464
vn -0.1827 -0.9219 -0.3418
vn -0.4663 0.1468 -0.8724
vn -0.0957 0.9792 -0.1791
vn -0.0984 -0.9780 -0.1842
vn -0.4714 -0.0030 -0.8819
vn -0.1809 0.9234 -0.3384
vn -0.4644 -0.1715 -0.8689
vn -0.2704 0.8192 -0.5058
vn -0.4441 -0.3355 -0.8308
vn -0.3406 0.6912 -0.6373
vn -0.4086 -0.4987 -0.7644
vn -0.3917 0.5562 -0.7329
vn -0.3540 -0.6602 -0.6624
vn -0.2860 -0.1715 -0.9428
vn -0.1665 0.8192 -0.5489
vn -0.2735 -0.3355 -0.9015
vn -0.2098 0.6912 -0.6915
vn -0.2516 -0.4987 -0.8294
vn -0.2412 0.5562 -0.7953
vn -0.2180 -0.6602 -0.7187
vn -0.2636 0.4185 -0.8691
vn -0.1709 -0.8083 -0.5634
vn -0.2786 0.2810 -0.9184
vn -0.1125 -0.9219 -0.3708
vn -0.2871 0.1468 -0.9466
vn -0.0590 0.9792 -0.1943
vn -0.0606 -0.9780 -0.1998
vn -0.2903 -0.0030 -0.9569
vn -0.1114 0.9234 -0.3672
vn -0.0577 -0.8083 -0.5859
vn -0.0941 0.2810 -0.9551
vn -0.0380 -0.9219 -0.3856
vn -0.0970 0.1468 -0.9844
vn -0.0199 0.9792 -0.2021
vn -0.0205 -0.9780 -0.2078
vn -0.0980 -0.0030 -0.9952
vn -0.0376 0.9234 -0.3819
vn -0.0966 -0.1715 -0.9804
vn -0.0562 0.8192 -0.5708
vn -0.0923 -0.3355 -0.9375
vn -0.0708 0.6912 -0.7192
vn -0.0850 -0.4987 -0.8626
vn -0.0815 0.5562 -0.8270
vn -0.0736 -0.6602 -0.7474
vn -0.0890 0.4185 -0.9038
vt 0.736801 0.334125
vt 0.718323 0.324272
vt 0.722464 0.314273
vt 0.740179 0.325966
vt 0.701385 0.314361
vt 0.706237 0.302645
vt 0.712244 0.291472
vt 0.727591 0.304737
vt 0.744363 0.318186
vt 0.433382 0.804459
vt 0.427816 0.832440
vt 0.410301 0.826360
vt 0.415222 0.798155
vt 0.423194 0.859495
vt 0.406490 0.853696
vt 0.390610 0.847932
vt 0.393652 0.820316
vt 0.397959 0.791888
vt 0.775904 0.352519
vt 0.756416 0.343716
vt 0.758947 0.337457
vt 0.777303 0.347971
vt 0.762193 0.331538
vt 0.779931 0.344031
vt 0.446926 0.747678
vt 0.439777 0.776069
vt 0.421144 0.769601
vt 0.428004 0.741109
vt 0.403431 0.763171
vt 0.410016 0.734580
vt 0.757336 0.683149
vt 0.761810 0.698475
vt 0.758542 0.695936
vt 0.753902 0.683876
vt 0.768856 0.719574
vt 0.758017 0.699892
vt 0.750899 0.685554
vt 0.821549 0.370774
vt 0.794396 0.360223
vt 0.791539 0.355630
vt 0.796782 0.355194
vt 0.463238 0.692257
vt 0.454764 0.719646
vt 0.435748 0.713045
vt 0.444329 0.685693
vt 0.417671 0.706482
vt 0.426354 0.679168
vt 0.749109 0.646384
vt 0.753026 0.665631
vt 0.748234 0.667102
vt 0.742783 0.648385
vt 0.743704 0.669113
vt 0.736760 0.650997
vt 0.481896 0.640048
vt 0.472296 0.665724
vt 0.453697 0.659267
vt 0.463801 0.633767
vt 0.436017 0.652849
vt 0.446601 0.627523
vt 0.743448 0.605609
vt 0.745883 0.626286
vt 0.738015 0.628775
vt 0.734069 0.608575
vt 0.730523 0.632025
vt 0.725140 0.612448
vt 0.502534 0.591389
vt 0.491995 0.615220
vt 0.474588 0.609177
vt 0.485994 0.585648
vt 0.458041 0.603171
vt 0.470271 0.579940
vt 0.741133 0.563077
vt 0.741848 0.584481
vt 0.731006 0.587910
vt 0.728888 0.566950
vt 0.720683 0.592388
vt 0.717230 0.572007
vt 0.524630 0.547563
vt 0.513444 0.568757
vt 0.497946 0.563377
vt 0.510346 0.542604
vt 0.483214 0.558029
vt 0.496767 0.537675
vt 0.417116 0.909016
vt 0.415668 0.930911
vt 0.402243 0.926251
vt 0.402475 0.903934
vt 0.741351 0.541593
vt 0.727781 0.545886
vt 0.317241 0.877705
vt 0.302305 0.897838
vt 0.295248 0.890168
vt 0.309420 0.869206
vt 0.331350 0.856061
vt 0.322821 0.846792
vt 0.547405 0.510493
vt 0.535991 0.528058
vt 0.523084 0.523577
vt 0.536027 0.506543
vt 0.510814 0.519123
vt 0.525210 0.502616
vt 0.419621 0.885127
vt 0.403881 0.879663
vt 0.388558 0.898881
vt 0.388918 0.874231
vt 0.300345 0.861145
vt 0.312923 0.838002
vt 0.287059 0.882895
vt 0.277817 0.876087
vt 0.290103 0.853601
vt 0.301754 0.829774
vt 0.698480 0.278544
vt 0.706542 0.266610
vt 0.719350 0.280952
vt 0.484026 0.532822
vt 0.499301 0.514739
vt 0.472244 0.528094
vt 0.488654 0.510466
vt 0.715770 0.255530
vt 0.727485 0.271184
vt 0.374878 0.868884
vt 0.375710 0.842257
vt 0.335246 0.823130
vt 0.324604 0.813679
vt 0.312596 0.804833
vt 0.335185 0.788469
vt 0.322441 0.779082
vt 0.733656 0.295758
vt 0.749311 0.310860
vt 0.740599 0.287422
vt 0.754976 0.304058
vt 0.378029 0.814366
vt 0.381760 0.785719
vt 0.344477 0.762713
vt 0.331115 0.752870
vt 0.363582 0.808568
vt 0.366781 0.779707
vt 0.765929 0.325907
vt 0.782210 0.339853
vt 0.770302 0.320745
vt 0.785583 0.336508
vt 0.386811 0.756841
vt 0.393139 0.728152
vt 0.371442 0.750673
vt 0.377531 0.721888
vt 0.754409 0.697992
vt 0.747755 0.686933
vt 0.754666 0.702029
vt 0.745212 0.689180
vt 0.794856 0.350144
vt 0.800130 0.350736
vt 0.400709 0.700023
vt 0.409487 0.672744
vt 0.385024 0.693727
vt 0.393890 0.666484
vt 0.739407 0.671493
vt 0.731098 0.654197
vt 0.735471 0.674364
vt 0.725852 0.657953
vt 0.419428 0.646531
vt 0.430462 0.621376
vt 0.404087 0.640374
vt 0.415537 0.615386
vt 0.723481 0.636005
vt 0.716747 0.617193
vt 0.716955 0.640677
vt 0.259060 0.921552
vt 0.244639 0.938245
vt 0.238700 0.933870
vt 0.251982 0.916338
vt 0.442515 0.597257
vt 0.455517 0.574321
vt 0.428158 0.591495
vt 0.441874 0.568846
vt 0.280497 0.909510
vt 0.273246 0.903071
vt 0.265332 0.927123
vt 0.265063 0.897043
vt 0.469390 0.552764
vt 0.456607 0.547634
vt 0.370769 0.687657
vt 0.379715 0.660448
vt 0.363346 0.715847
vt 0.335738 0.642497
vt 0.332994 0.666226
vt 0.315700 0.657348
vt 0.318359 0.633575
vt 0.358078 0.681870
vt 0.367095 0.654694
vt 0.731833 0.677560
vt 0.721072 0.662229
vt 0.742482 0.691158
vt 0.740496 0.693888
vt 0.728641 0.681181
vt 0.220047 0.946337
vt 0.208096 0.960864
vt 0.203751 0.958671
vt 0.214327 0.943400
vt 0.390144 0.634437
vt 0.401973 0.609610
vt 0.377732 0.628778
vt 0.389898 0.604104
vt 0.232142 0.929838
vt 0.244165 0.911532
vt 0.225319 0.949578
vt 0.225027 0.926185
vt 0.235686 0.907179
vt 0.415109 0.585939
vt 0.429475 0.563566
vt 0.403492 0.580642
vt 0.418436 0.558532
vt 0.256026 0.891487
vt 0.267611 0.869812
vt 0.246224 0.886454
vt 0.256540 0.864128
vt 0.444989 0.542687
vt 0.461535 0.523534
vt 0.434646 0.537971
vt 0.716959 0.229420
vt 0.709282 0.214445
vt 0.722835 0.203566
vt 0.729450 0.219394
vt 0.278792 0.846646
vt 0.289419 0.822190
vt 0.266523 0.840347
vt 0.276039 0.815321
vt 0.726078 0.245411
vt 0.736572 0.262265
vt 0.705550 0.240618
vt 0.737366 0.236351
vt 0.746523 0.254277
vt 0.299334 0.796679
vt 0.308367 0.770428
vt 0.284948 0.789294
vt 0.293100 0.762590
vt 0.748354 0.279810
vt 0.761304 0.297847
vt 0.756847 0.272993
vt 0.768233 0.292286
vt 0.338497 0.726658
vt 0.316358 0.743797
vt 0.323196 0.717251
vt 0.300351 0.735579
vt 0.306598 0.708730
vt 0.775099 0.315957
vt 0.788655 0.332861
vt 0.780430 0.311750
vt 0.792642 0.330238
vt 0.357473 0.744725
vt 0.344477 0.700915
vt 0.328778 0.691262
vt 0.311749 0.682519
vt 0.750863 0.700832
vt 0.751887 0.704803
vt 0.799211 0.345418
vt 0.804313 0.347022
vt 0.749525 0.228438
vt 0.757242 0.247301
vt 0.742907 0.210636
vt 0.757198 0.203229
vt 0.762438 0.221745
vt 0.768625 0.241402
vt 0.269576 0.782750
vt 0.276786 0.755645
vt 0.261741 0.809234
vt 0.246663 0.803986
vt 0.253366 0.777108
vt 0.259583 0.749658
vt 0.765995 0.267039
vt 0.775697 0.287428
vt 0.775711 0.262004
vt 0.783624 0.283320
vt 0.283245 0.728297
vt 0.288862 0.701179
vt 0.265208 0.722019
vt 0.270160 0.694670
vt 0.786105 0.307990
vt 0.796389 0.327261
vt 0.792190 0.304900
vt 0.800839 0.325464
vt 0.293551 0.674772
vt 0.297220 0.649481
vt 0.274361 0.668094
vt 0.277734 0.642699
vt 0.748040 0.704349
vt 0.738283 0.696388
vt 0.749786 0.708108
vt 0.736930 0.699497
vt 0.804438 0.341634
vt 0.809170 0.344193
vt 0.319659 0.611472
vt 0.299787 0.625668
vt 0.301192 0.603610
vt 0.280203 0.618853
vt 0.281718 0.596833
vt 0.199158 0.956681
vt 0.208216 0.940798
vt 0.725803 0.685071
vt 0.723479 0.689302
vt 0.194273 0.955014
vt 0.201771 0.938555
vt 0.366973 0.623450
vt 0.379430 0.598921
vt 0.319570 0.591231
vt 0.301406 0.583499
vt 0.282252 0.576833
vt 0.300483 0.565275
vt 0.281849 0.558790
vt 0.217425 0.922949
vt 0.226625 0.903322
vt 0.209408 0.920159
vt 0.217070 0.899997
vt 0.393422 0.575655
vt 0.408867 0.553794
vt 0.298485 0.548865
vt 0.280559 0.542626
vt 0.733131 0.178850
vt 0.730005 0.165099
vt 0.747419 0.156074
vt 0.749678 0.170274
vt 0.235749 0.881995
vt 0.244709 0.859092
vt 0.224703 0.878150
vt 0.232234 0.854750
vt 0.737435 0.194065
vt 0.717549 0.188991
vt 0.752940 0.186029
vt 0.253411 0.834766
vt 0.239586 0.829954
vt 0.262292 0.571300
vt 0.262430 0.553407
vt 0.261424 0.591208
vt 0.240507 0.586786
vt 0.241718 0.566950
vt 0.242415 0.549176
vt 0.201054 0.917843
vt 0.207114 0.897236
vt 0.195055 0.936694
vt 0.188132 0.935230
vt 0.192443 0.916023
vt 0.196851 0.895067
vt 0.765684 0.148785
vt 0.767034 0.163348
vt 0.261878 0.537448
vt 0.242623 0.533377
vt 0.784621 0.143300
vt 0.785028 0.158136
vt 0.213192 0.874960
vt 0.219234 0.851146
vt 0.201327 0.872451
vt 0.205834 0.848314
vt 0.769201 0.179540
vt 0.772186 0.197248
vt 0.786061 0.174656
vt 0.787726 0.192747
vt 0.225178 0.825960
vt 0.230951 0.799631
vt 0.210328 0.822821
vt 0.214756 0.796207
vt 0.775982 0.216340
vt 0.780564 0.236637
vt 0.790024 0.212273
vt 0.792943 0.233052
vt 0.236473 0.772425
vt 0.241655 0.744688
vt 0.219061 0.768744
vt 0.223177 0.740782
vt 0.785900 0.257937
vt 0.791937 0.280002
vt 0.796465 0.254877
vt 0.800557 0.277505
vt 0.246411 0.716809
vt 0.250670 0.689267
vt 0.227037 0.712713
vt 0.230581 0.685021
vt 0.798523 0.302312
vt 0.805117 0.323271
vt 0.805127 0.300458
vt 0.809857 0.322367
vt 0.254364 0.662551
vt 0.257427 0.637070
vt 0.233752 0.658193
vt 0.236495 0.632645
vt 0.746048 0.708406
vt 0.735321 0.702422
vt 0.748444 0.711816
vt 0.734653 0.705791
vt 0.810336 0.338938
vt 0.814513 0.342358
vt 0.259794 0.613195
vt 0.238759 0.608748
vt 0.189216 0.953580
vt 0.187283 0.968952
vt 0.183886 0.967750
vt 0.180173 0.967218
vt 0.183978 0.952504
vt 0.807304 0.252854
vt 0.809401 0.275855
vt 0.805643 0.230682
vt 0.818542 0.229548
vt 0.818313 0.251887
vt 0.818383 0.275065
vt 0.207270 0.709774
vt 0.210086 0.681973
vt 0.204325 0.737979
vt 0.185281 0.736303
vt 0.187303 0.708017
vt 0.189383 0.680152
vt 0.811876 0.299141
vt 0.814501 0.321042
vt 0.818746 0.298594
vt 0.819349 0.321068
vt 0.212724 0.655066
vt 0.215141 0.629469
vt 0.191482 0.653198
vt 0.193570 0.627572
vt 0.744964 0.712849
vt 0.733709 0.709029
vt 0.747913 0.715786
vt 0.733751 0.712528
vt 0.816678 0.337431
vt 0.820138 0.341588
vt 0.217298 0.605557
vt 0.219167 0.583612
vt 0.195620 0.603650
vt 0.197610 0.581716
vt 0.178651 0.951681
vt 0.181070 0.934180
vt 0.176530 0.966428
vt 0.172773 0.966344
vt 0.173261 0.951238
vt 0.173935 0.933552
vt 0.220729 0.563829
vt 0.221995 0.546140
vt 0.199526 0.561964
vt 0.201367 0.544325
vt 0.183658 0.914716
vt 0.186381 0.893510
vt 0.174784 0.913936
vt 0.175804 0.892580
vt 0.804050 0.139674
vt 0.803490 0.154691
vt 0.222979 0.530456
vt 0.203136 0.528711
vt 0.823782 0.137940
vt 0.822240 0.153043
vt 0.189223 0.870651
vt 0.192163 0.846281
vt 0.176995 0.869576
vt 0.178353 0.845066
vt 0.803359 0.171428
vt 0.803670 0.189771
vt 0.820928 0.169884
vt 0.819863 0.188348
vt 0.195177 0.820568
vt 0.198234 0.793751
vt 0.179873 0.819222
vt 0.181544 0.792282
vt 0.804431 0.209585
vt 0.819063 0.208299
vt 0.201297 0.766103
vt 0.183353 0.764524
vt 0.165906 0.913689
vt 0.165223 0.892286
vt 0.166798 0.933354
vt 0.159726 0.933586
vt 0.157109 0.913978
vt 0.154739 0.892630
vt 0.843628 0.138117
vt 0.841099 0.153211
vt 0.180731 0.543752
vt 0.183283 0.528159
vt 0.160284 0.544424
vt 0.163613 0.528805
vt 0.863397 0.140200
vt 0.859884 0.155191
vt 0.164762 0.869236
vt 0.164538 0.844682
vt 0.152642 0.869634
vt 0.150849 0.845132
vt 0.838598 0.170042
vt 0.836149 0.188494
vt 0.856199 0.171897
vt 0.852372 0.190203
vt 0.164562 0.818796
vt 0.164847 0.791818
vt 0.149392 0.819295
vt 0.148303 0.792362
vt 0.833779 0.208430
vt 0.831515 0.229664
vt 0.848438 0.209975
vt 0.844438 0.231026
vt 0.165401 0.764026
vt 0.166229 0.735774
vt 0.147614 0.764610
vt 0.147353 0.736395
vt 0.829385 0.251986
vt 0.827417 0.275146
vt 0.840414 0.253148
vt 0.836416 0.276094
vt 0.167328 0.707462
vt 0.168671 0.679577
vt 0.147536 0.708113
vt 0.148149 0.680251
vt 0.825651 0.298599
vt 0.824183 0.320661
vt 0.832524 0.299380
vt 0.828952 0.321616
vt 0.170231 0.652607
vt 0.171990 0.626972
vt 0.149175 0.653299
vt 0.150607 0.627675
vt 0.744830 0.717505
vt 0.733509 0.715954
vt 0.748212 0.719865
vt 0.734259 0.719450
vt 0.823221 0.337174
vt 0.825827 0.341913
vt 0.173932 0.603048
vt 0.176044 0.581117
vt 0.152443 0.603754
vt 0.154676 0.581819
vt 0.167870 0.951057
vt 0.169023 0.965994
vt 0.165365 0.966361
vt 0.162536 0.951263
vt 0.178314 0.561375
vt 0.157297 0.562065
vt 0.128118 0.709964
vt 0.128016 0.682170
vt 0.128833 0.738160
vt 0.110849 0.741051
vt 0.109262 0.712995
vt 0.108464 0.685314
vt 0.839319 0.300707
vt 0.833789 0.322143
vt 0.845292 0.277903
vt 0.853962 0.280552
vt 0.845929 0.302786
vt 0.838296 0.323990
vt 0.128518 0.655268
vt 0.129630 0.629674
vt 0.108457 0.658494
vt 0.109258 0.632950
vt 0.745651 0.722196
vt 0.734730 0.722930
vt 0.749331 0.723895
vt 0.736158 0.726290
vt 0.829712 0.338175
vt 0.831364 0.343319
vt 0.131361 0.605763
vt 0.133713 0.583817
vt 0.110888 0.609055
vt 0.113355 0.587091
vt 0.157287 0.951732
vt 0.152788 0.934248
vt 0.161654 0.966464
vt 0.158236 0.967271
vt 0.152213 0.952580
vt 0.146051 0.935331
vt 0.136678 0.564031
vt 0.140225 0.546336
vt 0.116655 0.567250
vt 0.120744 0.549468
vt 0.148479 0.914801
vt 0.144453 0.893610
vt 0.140098 0.916148
vt 0.134465 0.895216
vt 0.882899 0.144173
vt 0.878415 0.158966
vt 0.144316 0.530645
vt 0.125575 0.533658
vt 0.901945 0.149994
vt 0.896513 0.164497
vt 0.140751 0.870768
vt 0.137419 0.846412
vt 0.129203 0.872624
vt 0.124378 0.848509
vt 0.873562 0.175434
vt 0.868376 0.193464
vt 0.890519 0.180616
vt 0.884005 0.198240
vt 0.134508 0.820713
vt 0.132072 0.793909
vt 0.120055 0.823037
vt 0.116310 0.796443
vt 0.862899 0.212921
vt 0.857185 0.233623
vt 0.877022 0.217237
vt 0.869636 0.237428
vt 0.130164 0.766273
vt 0.113217 0.768998
vt 0.851294 0.255364
vt 0.861920 0.258612
vt 0.920352 0.157610
vt 0.914004 0.171734
vt 0.906787 0.137180
vt 0.925921 0.145097
vt 0.944207 0.154800
vt 0.937943 0.166945
vt 0.930720 0.180604
vt 0.118111 0.875187
vt 0.111850 0.851404
vt 0.124870 0.897434
vt 0.115761 0.900239
vt 0.107580 0.878431
vt 0.099957 0.855067
vt 0.906907 0.187397
vt 0.899111 0.204490
vt 0.922570 0.195708
vt 0.913547 0.212151
vt 0.106171 0.826245
vt 0.101169 0.799942
vt 0.092990 0.830306
vt 0.086795 0.804370
vt 0.890671 0.222884
vt 0.881668 0.242406
vt 0.903716 0.229806
vt 0.893167 0.248508
vt 0.096939 0.772760
vt 0.093573 0.745043
vt 0.081485 0.777520
vt 0.077172 0.750095
vt 0.872189 0.262861
vt 0.862341 0.284019
vt 0.882003 0.268069
vt 0.870348 0.288268
vt 0.091149 0.717181
vt 0.089683 0.689654
vt 0.073952 0.722478
vt 0.071853 0.695146
vt 0.852355 0.305384
vt 0.842950 0.325429
vt 0.858449 0.308681
vt 0.847023 0.328099
vt 0.089187 0.662947
vt 0.089690 0.637472
vt 0.070893 0.668582
vt 0.071112 0.643194
vt 0.747394 0.726742
vt 0.737323 0.729691
vt 0.751226 0.727723
vt 0.739374 0.732786
vt 0.835904 0.340396
vt 0.836534 0.345754
vt 0.091222 0.613599
vt 0.093799 0.591609
vt 0.072551 0.619351
vt 0.075233 0.597328
vt 0.147308 0.953680
vt 0.139579 0.936827
vt 0.154705 0.967820
vt 0.151659 0.969037
vt 0.142690 0.955138
vt 0.133435 0.938719
vt 0.097420 0.571695
vt 0.102032 0.553792
vt 0.079160 0.577320
vt 0.084267 0.559264
vt 0.132048 0.918008
vt 0.124405 0.920363
vt 0.864257 0.312449
vt 0.851315 0.330395
vt 0.877907 0.293260
vt 0.884944 0.298945
vt 0.869600 0.316838
vt 0.854795 0.333785
vt 0.053751 0.675347
vt 0.053704 0.650065
vt 0.055146 0.701740
vt 0.039722 0.709370
vt 0.037926 0.683176
vt 0.009497 0.318815
vt 0.006498 0.289005
vt 0.020195 0.288593
vt 0.023407 0.318396
vt 0.749994 0.730968
vt 0.741190 0.735977
vt 0.753825 0.731200
vt 0.743785 0.738688
vt 0.841557 0.343752
vt 0.841140 0.349123
vt 0.055057 0.626255
vt 0.057838 0.604194
vt 0.014175 0.347710
vt 0.028153 0.347289
vt 0.020535 0.375380
vt 0.034435 0.374961
vt 0.138318 0.956827
vt 0.127678 0.940992
vt 0.148445 0.970011
vt 0.145887 0.971592
vt 0.134332 0.958838
vt 0.122363 0.943621
vt 0.026431 0.426338
vt 0.016503 0.401535
vt 0.028560 0.401603
vt 0.038161 0.426404
vt 0.062050 0.584073
vt 0.042232 0.401191
vt 0.051462 0.426003
vt 0.117244 0.923189
vt 0.107226 0.903608
vt 0.110632 0.926460
vt 0.099346 0.907506
vt 0.954549 0.177911
vt 0.946498 0.191025
vt 0.961468 0.166200
vt 0.049239 0.449823
vt 0.062034 0.449438
vt 0.970009 0.190401
vt 0.961190 0.202893
vt 0.097713 0.882326
vt 0.088813 0.859466
vt 0.088604 0.886832
vt 0.078524 0.864555
vt 0.937354 0.205472
vt 0.927173 0.221150
vt 0.951119 0.216592
vt 0.939861 0.231400
vt 0.080640 0.835180
vt 0.073326 0.809685
vt 0.069238 0.840820
vt 0.060892 0.815836
vt 0.916029 0.237938
vt 0.904022 0.255677
vt 0.927493 0.247200
vt 0.914128 0.263841
vt 0.067004 0.783235
vt 0.061805 0.756161
vt 0.053636 0.789848
vt 0.047617 0.763179
vt 0.891267 0.274187
vt 0.899893 0.281155
vt 0.057839 0.728837
vt 0.042964 0.736196
vt 0.080341 0.891908
vt 0.069192 0.870288
vt 0.092199 0.911897
vt 0.085852 0.916737
vt 0.073002 0.897504
vt 0.060904 0.876608
vt 0.963731 0.228964
vt 0.951485 0.242802
vt 0.974650 0.216097
vt 0.986752 0.230507
vt 0.975070 0.242466
vt 0.961936 0.255247
vt 0.058896 0.847174
vt 0.049613 0.822765
vt 0.049711 0.854177
vt 0.038903 0.140952
vt 0.043637 0.115250
vt 0.055543 0.114271
vt 0.051887 0.139884
vt 0.937997 0.257504
vt 0.923388 0.272924
vt 0.947441 0.268749
vt 0.931713 0.282837
vt 0.041510 0.797297
vt 0.034748 0.771084
vt 0.035421 0.168373
vt 0.049381 0.167225
vt 0.033294 0.197200
vt 0.048109 0.195982
vt 0.907796 0.288907
vt 0.891392 0.305270
vt 0.914901 0.297368
vt 0.897189 0.312173
vt 0.018504 0.258276
vt 0.018322 0.227895
vt 0.032596 0.227058
vt 0.033304 0.257409
vt 0.019680 0.197999
vt 0.048129 0.225781
vt 0.049410 0.256084
vt 0.874568 0.321633
vt 0.858562 0.336849
vt 0.878956 0.326945
vt 0.861316 0.340829
vt 0.035381 0.287702
vt 0.038827 0.317492
vt 0.051906 0.286344
vt 0.055609 0.316112
vt 0.753351 0.734712
vt 0.746181 0.741544
vt 0.757028 0.734194
vt 0.749220 0.743769
vt 0.846454 0.348114
vt 0.845004 0.353297
vt 0.043651 0.346380
vt 0.049846 0.374058
vt 0.060516 0.344993
vt 0.066616 0.372679
vt 0.130660 0.961050
vt 0.117542 0.946582
vt 0.143113 0.972952
vt 0.141142 0.974838
vt 0.127461 0.963538
vt 0.113260 0.949847
vt 0.057389 0.400303
vt 0.066208 0.425139
vt 0.073884 0.398947
vt 0.082255 0.423819
vt 0.104635 0.930143
vt 0.099310 0.934205
vt 0.073888 0.471353
vt 0.076220 0.448606
vt 0.087368 0.470563
vt 0.091657 0.447337
vt 0.102037 0.469357
vt 0.069614 0.284529
vt 0.073591 0.314270
vt 0.066668 0.254316
vt 0.084912 0.252121
vt 0.088332 0.282277
vt 0.092599 0.311983
vt 0.757334 0.737830
vt 0.752105 0.746181
vt 0.760711 0.736590
vt 0.755471 0.747834
vt 0.850408 0.353314
vt 0.847977 0.358115
vt 0.864412 0.344544
vt 0.866335 0.348961
vt 0.078588 0.343142
vt 0.084586 0.370838
vt 0.097691 0.340843
vt 0.103581 0.368552
vt 0.124631 0.966189
vt 0.109560 0.953384
vt 0.138915 0.976530
vt 0.745654 0.756580
vt 0.750326 0.759294
vt 0.122341 0.969057
vt 0.106477 0.957159
vt 0.091559 0.397135
vt 0.099450 0.422057
vt 0.110242 0.394887
vt 0.117627 0.419870
vt 0.094707 0.938604
vt 0.080366 0.921981
vt 0.090872 0.943300
vt 0.075795 0.927577
vt 0.108200 0.445642
vt 0.117756 0.467746
vt 0.125685 0.443538
vt 0.134371 0.465747
vt 0.060251 0.090603
vt 0.065912 0.069057
vt 0.076105 0.068012
vt 0.071763 0.089423
vt 0.066661 0.903566
vt 0.081246 0.048837
vt 0.090566 0.047716
vt 0.086879 0.066715
vt 0.083932 0.087959
vt 0.985025 0.256970
vt 0.971112 0.268616
vt 0.113336 0.489682
vt 0.128064 0.488173
vt 0.143633 0.486300
vt 0.993502 0.272334
vt 0.978925 0.282778
vt 0.068301 0.112964
vt 0.065800 0.138459
vt 0.081787 0.111341
vt 0.080507 0.136689
vt 0.955732 0.280828
vt 0.939021 0.293486
vt 0.962792 0.293625
vt 0.945245 0.304767
vt 0.064339 0.165692
vt 0.063984 0.194356
vt 0.080152 0.163790
vt 0.080765 0.192336
vt 0.921139 0.306456
vt 0.902279 0.319588
vt 0.926450 0.316084
vt 0.906613 0.327444
vt 0.064774 0.224075
vt 0.082369 0.221958
vt 0.882892 0.332581
vt 0.886155 0.338612
vt 0.153397 0.504964
vt 0.159893 0.484080
vt 0.168384 0.502918
vt 0.151725 0.463378
vt 0.169649 0.460662
vt 0.176687 0.481535
vt 0.183863 0.500572
vt 0.095872 0.109418
vt 0.095867 0.134592
vt 0.096642 0.086224
vt 0.109768 0.084235
vt 0.110420 0.107214
vt 0.111732 0.132188
vt 0.968551 0.307017
vt 0.950323 0.316572
vt 0.985299 0.297598
vt 0.990174 0.312932
vt 0.972957 0.320873
vt 0.954206 0.328787
vt 0.096666 0.161535
vt 0.098291 0.189944
vt 0.113723 0.158951
vt 0.116393 0.187201
vt 0.930784 0.326159
vt 0.910148 0.335664
vt 0.934098 0.336584
vt 0.912852 0.344170
vt 0.100745 0.219449
vt 0.103965 0.249519
vt 0.119725 0.216573
vt 0.123645 0.246538
vt 0.888910 0.344873
vt 0.868641 0.353183
vt 0.890923 0.351391
vt 0.869658 0.357869
vt 0.107881 0.279608
vt 0.112452 0.309272
vt 0.128073 0.276548
vt 0.132956 0.306165
vt 0.761792 0.740201
vt 0.758735 0.749709
vt 0.764734 0.738294
vt 0.762297 0.750727
vt 0.853265 0.359152
vt 0.849946 0.363393
vt 0.117642 0.338119
vt 0.123421 0.365844
vt 0.138249 0.334997
vt 0.143912 0.362739
vt 0.120461 0.972044
vt 0.104040 0.961136
vt 0.755175 0.761646
vt 0.760210 0.763482
vt 0.119168 0.975184
vt 0.102274 0.965276
vt 0.129756 0.392223
vt 0.136611 0.417278
vt 0.149910 0.389170
vt 0.156218 0.414307
vt 0.094930 0.031037
vt 0.103097 0.029922
vt 0.100300 0.046387
vt 0.087841 0.948247
vt 0.106482 0.015817
vt 0.113263 0.014790
vt 0.111532 0.028643
vt 0.110353 0.044863
vt 0.143948 0.441044
vt 0.162811 0.438186
vt 0.098133 0.065179
vt 0.109756 0.063418
vt 0.854918 0.365404
vt 0.850834 0.368927
vt 0.871086 0.362434
vt 0.871157 0.367209
vt 0.159313 0.331506
vt 0.164858 0.359267
vt 0.153916 0.302691
vt 0.175129 0.298884
vt 0.180632 0.327680
vt 0.186057 0.355463
vt 0.758626 0.776015
vt 0.765343 0.764923
vt 0.765431 0.777876
vt 0.765815 0.751991
vt 0.769437 0.752336
vt 0.770548 0.765812
vt 0.772322 0.779102
vt 0.170512 0.385755
vt 0.176261 0.410986
vt 0.191363 0.382013
vt 0.196546 0.407345
vt 0.120155 0.027214
vt 0.120630 0.043160
vt 0.120195 0.013641
vt 0.127211 0.012381
vt 0.128882 0.025648
vt 0.131032 0.041293
vt 0.182092 0.434991
vt 0.187971 0.457625
vt 0.201607 0.431489
vt 0.206514 0.454297
vt 0.121637 0.061449
vt 0.123187 0.082011
vt 0.133661 0.059291
vt 0.136767 0.079574
vt 0.193854 0.478690
vt 0.199686 0.497950
vt 0.211228 0.475572
vt 0.215700 0.495076
vt 0.125291 0.104749
vt 0.127950 0.129500
vt 0.140341 0.102048
vt 0.144363 0.126555
vt 0.975963 0.335062
vt 0.956856 0.341295
vt 0.993502 0.328635
vt 0.205408 0.515163
vt 0.219878 0.512566
vt 0.977544 0.349445
vt 0.958250 0.353975
vt 0.131159 0.156061
vt 0.134897 0.184134
vt 0.148805 0.152894
vt 0.153624 0.180773
vt 0.936360 0.347259
vt 0.914698 0.352880
vt 0.937550 0.358081
vt 0.915669 0.361709
vt 0.139126 0.213358
vt 0.143761 0.243204
vt 0.158761 0.209834
vt 0.164121 0.239550
vt 0.892389 0.358036
vt 0.893074 0.364791
vt 0.148713 0.273127
vt 0.169603 0.269379
vt 0.766553 0.741736
vt 0.768940 0.739242
vt 0.977683 0.363886
vt 0.958372 0.366705
vt 0.231751 0.491978
vt 0.234382 0.509766
vt 0.247684 0.488686
vt 0.248779 0.506791
vt 0.976379 0.378244
vt 0.957223 0.379362
vt 0.166493 0.149480
vt 0.172395 0.177150
vt 0.160814 0.123379
vt 0.177144 0.120005
vt 0.184050 0.145852
vt 0.191028 0.173300
vt 0.937654 0.368946
vt 0.915753 0.370574
vt 0.936673 0.379749
vt 0.914953 0.379388
vt 0.178442 0.206035
vt 0.184527 0.235611
vt 0.197979 0.201998
vt 0.204784 0.231425
vt 0.893196 0.371566
vt 0.871654 0.371943
vt 0.892528 0.378298
vt 0.870776 0.376623
vt 0.190540 0.265337
vt 0.196391 0.294780
vt 0.211324 0.261043
vt 0.217498 0.290419
vt 0.771433 0.742375
vt 0.773074 0.752940
vt 0.773170 0.739398
vt 0.776615 0.752600
vt 0.855301 0.371830
vt 0.850609 0.374505
vt 0.202000 0.323555
vt 0.207305 0.351361
vt 0.223212 0.319172
vt 0.228397 0.347003
vt 0.775768 0.766287
vt 0.779230 0.779681
vt 0.780942 0.766194
vt 0.786092 0.779608
vt 0.212262 0.377979
vt 0.216878 0.403421
vt 0.233007 0.373693
vt 0.237061 0.399250
vt 0.137629 0.023960
vt 0.141457 0.039281
vt 0.134243 0.011024
vt 0.141223 0.009582
vt 0.146312 0.022166
vt 0.151805 0.037143
vt 0.221166 0.427713
vt 0.225100 0.450710
vt 0.240582 0.423701
vt 0.243550 0.446898
vt 0.145714 0.056964
vt 0.150379 0.076946
vt 0.157678 0.054492
vt 0.163891 0.074155
vt 0.228642 0.472211
vt 0.245929 0.468639
vt 0.155426 0.099136
vt 0.170401 0.096042
vt 0.786047 0.765685
vt 0.792838 0.778883
vt 0.780232 0.752521
vt 0.783557 0.751508
vt 0.790993 0.764614
vt 0.799407 0.777514
vt 0.253400 0.369194
vt 0.256900 0.394874
vt 0.249131 0.342430
vt 0.269306 0.337686
vt 0.273244 0.364528
vt 0.276205 0.390335
vt 0.154847 0.020283
vt 0.161978 0.034899
vt 0.148085 0.008068
vt 0.154762 0.006498
vt 0.163153 0.018330
vt 0.171877 0.032571
vt 0.259668 0.419492
vt 0.261686 0.442897
vt 0.278240 0.415124
vt 0.279333 0.438748
vt 0.169438 0.051898
vt 0.177173 0.071225
vt 0.180882 0.049208
vt 0.190098 0.068186
vt 0.262922 0.464891
vt 0.263346 0.485231
vt 0.279457 0.461002
vt 0.278587 0.481647
vt 0.185121 0.092796
vt 0.193197 0.116464
vt 0.199444 0.089427
vt 0.208817 0.112791
vt 0.973643 0.392381
vt 0.954811 0.391825
vt 0.262932 0.503670
vt 0.276703 0.500431
vt 0.969505 0.406162
vt 0.951163 0.403973
vt 0.201309 0.142045
vt 0.209344 0.169260
vt 0.218103 0.138096
vt 0.227167 0.165069
vt 0.934615 0.390385
vt 0.913274 0.388066
vt 0.931501 0.400753
vt 0.910733 0.396526
vt 0.217183 0.197762
vt 0.224696 0.227033
vt 0.235870 0.193368
vt 0.244072 0.222477
vt 0.891300 0.384941
vt 0.870321 0.381343
vt 0.889304 0.391392
vt 0.868529 0.385750
vt 0.231755 0.256536
vt 0.238245 0.285843
vt 0.251635 0.251861
vt 0.258433 0.281096
vt 0.776246 0.742092
vt 0.777260 0.738755
vt 0.854401 0.378182
vt 0.849277 0.379913
vt 0.244062 0.314573
vt 0.264351 0.309802
vt 0.234270 0.134043
vt 0.244324 0.160767
vt 0.223854 0.109021
vt 0.238164 0.105190
vt 0.249655 0.129924
vt 0.260652 0.156396
vt 0.927360 0.410753
vt 0.907355 0.404684
vt 0.946311 0.415689
vt 0.940304 0.426862
vt 0.922233 0.420289
vt 0.903172 0.412464
vt 0.253860 0.188858
vt 0.262725 0.217800
vt 0.270979 0.184275
vt 0.280475 0.213048
vt 0.886774 0.397647
vt 0.867140 0.390273
vt 0.883526 0.403569
vt 0.864502 0.394238
vt 0.270773 0.247063
vt 0.277868 0.276223
vt 0.288986 0.242187
vt 0.296363 0.271272
vt 0.780807 0.740901
vt 0.787014 0.750748
vt 0.781053 0.737337
vt 0.789994 0.749103
vt 0.852251 0.384218
vt 0.846891 0.384942
vt 0.283883 0.304905
vt 0.288727 0.332816
vt 0.302470 0.299929
vt 0.307210 0.327868
vt 0.795788 0.763139
vt 0.805732 0.775514
vt 0.800314 0.761132
vt 0.811755 0.772901
vt 0.292346 0.359739
vt 0.294790 0.385675
vt 0.310525 0.354872
vt 0.312475 0.380941
vt 0.171148 0.016325
vt 0.181406 0.030182
vt 0.808449 0.789400
vt 0.816318 0.786911
vt 0.823810 0.783662
vt 0.178757 0.014288
vt 0.190474 0.027755
vt 0.296118 0.410642
vt 0.296321 0.434488
vt 0.313132 0.406087
vt 0.312488 0.430160
vt 0.191898 0.046445
vt 0.202540 0.065066
vt 0.202382 0.043639
vt 0.214380 0.061896
vt 0.295375 0.457011
vt 0.293258 0.477969
vt 0.310523 0.452956
vt 0.307220 0.474231
vt 0.213233 0.085970
vt 0.226354 0.082457
vt 0.964001 0.419453
vt 0.289960 0.497108
vt 0.302576 0.493730
vt 0.957186 0.432127
vt 0.327603 0.349975
vt 0.329091 0.376177
vt 0.324574 0.322890
vt 0.340653 0.317928
vt 0.343419 0.345095
vt 0.344477 0.371429
vt 0.185905 0.012239
vt 0.198993 0.025312
vt 0.817417 0.769701
vt 0.830852 0.779681
vt 0.822663 0.765945
vt 0.837378 0.775009
vt 0.844716 0.788430
vt 0.852494 0.782862
vt 0.329116 0.401504
vt 0.327677 0.425805
vt 0.343918 0.396937
vt 0.341742 0.421465
vt 0.212231 0.040815
vt 0.225503 0.058707
vt 0.206883 0.022877
vt 0.221352 0.038001
vt 0.235804 0.055528
vt 0.324754 0.448876
vt 0.320337 0.470470
vt 0.337932 0.444809
vt 0.332484 0.466722
vt 0.238682 0.078923
vt 0.251608 0.101335
vt 0.250098 0.075400
vt 0.264057 0.097494
vt 0.949125 0.444061
vt 0.933198 0.437382
vt 0.972722 0.436055
vt 0.963801 0.449262
vt 0.953588 0.461524
vt 0.939897 0.455141
vt 0.925062 0.447150
vt 0.264109 0.125780
vt 0.275991 0.151998
vt 0.277494 0.121650
vt 0.290196 0.147615
vt 0.916168 0.429267
vt 0.898223 0.419790
vt 0.909225 0.437604
vt 0.892558 0.426592
vt 0.287062 0.179663
vt 0.297151 0.208267
vt 0.301956 0.175068
vt 0.312594 0.203502
vt 0.879791 0.409198
vt 0.862233 0.398391
vt 0.875418 0.414363
vt 0.858850 0.401761
vt 0.306096 0.237281
vt 0.313738 0.266290
vt 0.321941 0.232392
vt 0.329829 0.261325
vt 0.784940 0.738845
vt 0.793161 0.747691
vt 0.784404 0.735201
vt 0.795680 0.745477
vt 0.848935 0.389703
vt 0.843542 0.389400
vt 0.319932 0.294923
vt 0.336102 0.289933
vt 0.804615 0.758748
vt 0.808548 0.755881
vt 0.901469 0.445216
vt 0.886230 0.432803
vt 0.915975 0.456069
vt 0.906025 0.464056
vt 0.892977 0.452033
vt 0.879301 0.438365
vt 0.315515 0.170532
vt 0.326653 0.198799
vt 0.303128 0.143289
vt 0.360942 0.182197
vt 0.359921 0.152651
vt 0.374416 0.149687
vt 0.376140 0.179088
vt 0.363424 0.212257
vt 0.379182 0.209034
vt 0.870622 0.419147
vt 0.855788 0.405384
vt 0.865289 0.423357
vt 0.851790 0.408031
vt 0.336366 0.227567
vt 0.344477 0.256425
vt 0.367296 0.242287
vt 0.383464 0.238980
vt 0.372534 0.271844
vt 0.388953 0.268485
vt 0.788486 0.736004
vt 0.798434 0.743466
vt 0.787183 0.732427
vt 0.800397 0.740769
vt 0.844579 0.394429
vt 0.839359 0.393115
vt 0.371986 0.330963
vt 0.363987 0.303461
vt 0.379123 0.300533
vt 0.387037 0.328051
vt 0.357473 0.274757
vt 0.395623 0.297158
vt 0.403445 0.324695
vt 0.812188 0.752680
vt 0.827443 0.761669
vt 0.815377 0.749064
vt 0.831710 0.756914
vt 0.392262 0.381715
vt 0.381439 0.357039
vt 0.396242 0.354176
vt 0.406664 0.378930
vt 0.412380 0.350875
vt 0.422364 0.375718
vt 0.843323 0.769690
vt 0.859580 0.776522
vt 0.848632 0.763776
vt 0.865907 0.769473
vt 0.417684 0.426845
vt 0.404367 0.405031
vt 0.418222 0.402351
vt 0.430849 0.424299
vt 0.433326 0.399262
vt 0.445201 0.421363
vt 0.229655 0.035223
vt 0.245182 0.052392
vt 0.867914 0.789400
vt 0.876106 0.782071
vt 0.883421 0.773922
vt 0.370300 0.048301
vt 0.376063 0.027000
vt 0.385370 0.025097
vt 0.380811 0.046151
vt 0.447621 0.465152
vt 0.432137 0.446962
vt 0.444473 0.444576
vt 0.458990 0.462953
vt 0.457920 0.441826
vt 0.471385 0.460418
vt 0.260491 0.071924
vt 0.275391 0.093703
vt 0.365699 0.071716
vt 0.377348 0.069334
vt 0.362369 0.097072
vt 0.375073 0.094473
vt 0.929589 0.465259
vt 0.942180 0.472722
vt 0.474283 0.479193
vt 0.485483 0.476903
vt 0.918301 0.474319
vt 0.289679 0.117574
vt 0.360414 0.124153
vt 0.374073 0.121359
vt 0.853252 0.757322
vt 0.871413 0.761782
vt 0.835425 0.751726
vt 0.838550 0.746156
vt 0.857140 0.750393
vt 0.876047 0.753523
vt 0.449536 0.395792
vt 0.460604 0.418066
vt 0.439214 0.372112
vt 0.457049 0.368145
vt 0.466693 0.391976
vt 0.476908 0.414440
vt 0.395358 0.022959
vt 0.392092 0.043737
vt 0.889787 0.765030
vt 0.895144 0.755482
vt 0.405930 0.020607
vt 0.404032 0.041081
vt 0.472352 0.438736
vt 0.484687 0.457571
vt 0.487628 0.435339
vt 0.498767 0.454439
vt 0.389850 0.066658
vt 0.388706 0.091555
vt 0.403083 0.063715
vt 0.403137 0.088346
vt 0.906142 0.482233
vt 0.895306 0.471033
vt 0.497503 0.474330
vt 0.510226 0.471500
vt 0.510669 0.488786
vt 0.521885 0.486292
vt 0.388731 0.118221
vt 0.389972 0.146357
vt 0.404246 0.114771
vt 0.406437 0.142695
vt 0.883828 0.457987
vt 0.871837 0.443222
vt 0.883922 0.476932
vt 0.874113 0.463022
vt 0.863910 0.447331
vt 0.392450 0.175597
vt 0.396093 0.205414
vt 0.409714 0.171757
vt 0.413994 0.201433
vt 0.859616 0.427115
vt 0.848054 0.410983
vt 0.853530 0.430208
vt 0.843594 0.412805
vt 0.400816 0.235266
vt 0.406574 0.264714
vt 0.419183 0.231181
vt 0.425225 0.260565
vt 0.791309 0.732487
vt 0.802633 0.738236
vt 0.789284 0.729122
vt 0.803962 0.735161
vt 0.839352 0.398213
vt 0.834503 0.395944
vt 0.413332 0.293368
vt 0.421054 0.320926
vt 0.432076 0.289199
vt 0.439693 0.316781
vt 0.818218 0.745169
vt 0.820540 0.740943
vt 0.429700 0.347168
vt 0.448033 0.343090
vt 0.427767 0.167606
vt 0.432712 0.197128
vt 0.423655 0.138735
vt 0.441459 0.134516
vt 0.446434 0.163182
vt 0.452068 0.192542
vt 0.847198 0.432793
vt 0.839326 0.414974
vt 0.855597 0.450649
vt 0.846977 0.453145
vt 0.840592 0.434650
vt 0.834576 0.415902
vt 0.438388 0.226764
vt 0.444729 0.256080
vt 0.458247 0.222058
vt 0.464895 0.251301
vt 0.793301 0.728430
vt 0.805595 0.732202
vt 0.790626 0.725414
vt 0.806240 0.728867
vt 0.833454 0.400910
vt 0.829160 0.397778
vt 0.451677 0.284691
vt 0.459183 0.312298
vt 0.471944 0.279889
vt 0.479337 0.307523
vt 0.822472 0.736504
vt 0.841056 0.740255
vt 0.823838 0.731829
vt 0.842919 0.734082
vt 0.467203 0.338682
vt 0.475699 0.363856
vt 0.487025 0.333985
vt 0.494984 0.359286
vt 0.860257 0.743053
vt 0.879762 0.744775
vt 0.862575 0.735375
vt 0.882524 0.735624
vt 0.484635 0.387850
vt 0.493956 0.410519
vt 0.503187 0.383454
vt 0.511585 0.406342
vt 0.416986 0.018065
vt 0.416518 0.038210
vt 0.899438 0.745369
vt 0.902631 0.734789
vt 0.428417 0.015356
vt 0.429429 0.035150
vt 0.503602 0.431665
vt 0.513491 0.451053
vt 0.520120 0.427751
vt 0.528715 0.447446
vt 0.416920 0.060532
vt 0.418228 0.084875
vt 0.431228 0.057142
vt 0.433831 0.081178
vt 0.523530 0.468440
vt 0.533613 0.483594
vt 0.537286 0.465181
vt 0.545740 0.480721
vt 0.420470 0.111040
vt 0.437246 0.107064
vt 0.863923 0.467088
vt 0.871983 0.481697
vt 0.859604 0.485282
vt 0.853358 0.470149
vt 0.522171 0.378830
vt 0.529624 0.401948
vt 0.514718 0.354480
vt 0.534710 0.349483
vt 0.541404 0.374023
vt 0.547900 0.397380
vt 0.440115 0.012507
vt 0.442640 0.031932
vt 0.884304 0.726156
vt 0.904690 0.723844
vt 0.885089 0.716464
vt 0.905597 0.712639
vt 0.451966 0.009545
vt 0.456025 0.028587
vt 0.537022 0.423634
vt 0.544294 0.443651
vt 0.554146 0.419354
vt 0.560077 0.439706
vt 0.445870 0.053576
vt 0.449798 0.077289
vt 0.460703 0.049868
vt 0.465975 0.073245
vt 0.551363 0.461752
vt 0.558150 0.477698
vt 0.565625 0.458187
vt 0.570722 0.474556
vt 0.454413 0.102883
vt 0.459677 0.130079
vt 0.471805 0.098536
vt 0.478135 0.125466
vt 0.842519 0.472171
vt 0.838133 0.454796
vt 0.846904 0.487652
vt 0.834006 0.488786
vt 0.831511 0.473139
vt 0.829151 0.455585
vt 0.465536 0.158529
vt 0.471874 0.187717
vt 0.484889 0.153693
vt 0.491940 0.182702
vt 0.833845 0.435964
vt 0.829942 0.417202
vt 0.826973 0.436514
vt 0.825084 0.417201
vt 0.478569 0.217108
vt 0.485532 0.246275
vt 0.499157 0.211963
vt 0.506439 0.241049
vt 0.794385 0.723988
vt 0.807207 0.725595
vt 0.791157 0.721444
vt 0.807142 0.722129
vt 0.827112 0.402416
vt 0.823535 0.398548
vt 0.492683 0.274837
vt 0.499960 0.302500
vt 0.513695 0.269586
vt 0.520853 0.297277
vt 0.824787 0.727016
vt 0.844120 0.727696
vt 0.825144 0.722074
vt 0.844649 0.721158
vt 0.507309 0.329044
vt 0.527859 0.323908
vt 0.864069 0.727431
vt 0.864727 0.719298
vt 0.820070 0.436506
vt 0.820260 0.417583
vt 0.820117 0.455504
vt 0.811119 0.454556
vt 0.813196 0.435728
vt 0.815481 0.416653
vt 0.519814 0.206670
vt 0.527416 0.235675
vt 0.512072 0.177544
vt 0.532078 0.172292
vt 0.540340 0.201282
vt 0.548261 0.230203
vt 0.794519 0.719332
vt 0.807407 0.718671
vt 0.790858 0.717365
vt 0.806634 0.715208
vt 0.820570 0.402673
vt 0.817845 0.398223
vt 0.534776 0.264184
vt 0.541816 0.291907
vt 0.555725 0.258685
vt 0.562646 0.286439
vt 0.825074 0.717071
vt 0.844500 0.714532
vt 0.824408 0.712051
vt 0.843674 0.707880
vt 0.548478 0.318625
vt 0.554769 0.344343
vt 0.568966 0.313247
vt 0.574702 0.339111
vt 0.864541 0.711056
vt 0.884867 0.706640
vt 0.863514 0.702782
vt 0.883643 0.696779
vt 0.560701 0.369079
vt 0.566236 0.392682
vt 0.579876 0.364045
vt 0.584457 0.387899
vt 0.463857 0.006498
vt 0.469454 0.025146
vt 0.905341 0.701281
vt 0.903926 0.689882
vt 0.925781 0.694991
vt 0.924184 0.682116
vt 0.571326 0.414953
vt 0.575912 0.435649
vt 0.588399 0.410471
vt 0.591648 0.431518
vt 0.475586 0.046055
vt 0.482205 0.069087
vt 0.482799 0.021643
vt 0.490375 0.042173
vt 0.498333 0.064854
vt 0.579934 0.454521
vt 0.583336 0.471324
vt 0.594153 0.450789
vt 0.595870 0.468034
vt 0.489255 0.094065
vt 0.496654 0.120721
vt 0.506594 0.089514
vt 0.515056 0.115890
vt 0.820438 0.473040
vt 0.821032 0.488670
vt 0.808110 0.487308
vt 0.809409 0.471878
vt 0.504305 0.148718
vt 0.523600 0.143653
vt 0.605198 0.405953
vt 0.607132 0.427354
vt 0.602386 0.383078
vt 0.619852 0.378263
vt 0.621563 0.401442
vt 0.622215 0.423197
vt 0.504927 0.038259
vt 0.514203 0.060586
vt 0.495930 0.018112
vt 0.941010 0.659333
vt 0.921291 0.669316
vt 0.917133 0.656716
vt 0.936402 0.645369
vt 0.519103 0.034352
vt 0.529662 0.056324
vt 0.608144 0.447026
vt 0.608204 0.464717
vt 0.621774 0.443269
vt 0.620219 0.461405
vt 0.523656 0.084925
vt 0.533163 0.111021
vt 0.540277 0.080344
vt 0.550802 0.106159
vt 0.798530 0.469661
vt 0.802242 0.452748
vt 0.795362 0.484711
vt 0.782912 0.480906
vt 0.787904 0.466414
vt 0.793572 0.450098
vt 0.542585 0.138547
vt 0.551763 0.166998
vt 0.561080 0.133449
vt 0.570940 0.161713
vt 0.806402 0.434398
vt 0.810654 0.416102
vt 0.799790 0.432322
vt 0.806137 0.414279
vt 0.560538 0.195850
vt 0.568771 0.224687
vt 0.580214 0.190427
vt 0.588752 0.219180
vt 0.793698 0.714640
vt 0.806187 0.711694
vt 0.789739 0.713335
vt 0.804735 0.708367
vt 0.814078 0.401672
vt 0.812309 0.396817
vt 0.576338 0.253142
vt 0.583144 0.280926
vt 0.596418 0.247607
vt 0.603111 0.275422
vt 0.823321 0.707052
vt 0.842180 0.701268
vt 0.821658 0.702147
vt 0.840032 0.694759
vt 0.589127 0.307825
vt 0.594315 0.333836
vt 0.608766 0.302412
vt 0.613421 0.328570
vt 0.861655 0.694557
vt 0.881428 0.686976
vt 0.858983 0.686460
vt 0.878243 0.677326
vt 0.598744 0.358971
vt 0.617125 0.353905
vt 0.901365 0.678549
vt 0.897683 0.667392
vt 0.791955 0.710094
vt 0.803593 0.704933
vt 0.787844 0.709507
vt 0.801518 0.701871
vt 0.807887 0.399451
vt 0.807139 0.394382
vt 0.801493 0.412815
vt 0.797410 0.410170
vt 0.615770 0.242134
vt 0.622355 0.269980
vt 0.608009 0.213734
vt 0.626357 0.208403
vt 0.634211 0.236776
vt 0.640691 0.264652
vt 0.819597 0.697342
vt 0.837250 0.688415
vt 0.817001 0.692741
vt 0.833862 0.682298
vt 0.627694 0.297059
vt 0.631836 0.323362
vt 0.645729 0.291819
vt 0.649382 0.318264
vt 0.855523 0.678569
vt 0.874119 0.667922
vt 0.851308 0.670960
vt 0.869096 0.658853
vt 0.634839 0.348895
vt 0.636685 0.373503
vt 0.651719 0.343991
vt 0.652724 0.368843
vt 0.892915 0.656520
vt 0.911748 0.644437
vt 0.887108 0.646035
vt 0.905189 0.632596
vt 0.637335 0.396982
vt 0.636752 0.419086
vt 0.652363 0.392616
vt 0.650604 0.415061
vt 0.532765 0.030489
vt 0.544561 0.052111
vt 0.930434 0.631760
vt 0.923165 0.618637
vt 0.948747 0.618610
vt 0.940820 0.604299
vt 0.634909 0.439555
vt 0.631799 0.458130
vt 0.647426 0.435918
vt 0.642833 0.454924
vt 0.556296 0.075814
vt 0.567802 0.101351
vt 0.558758 0.047986
vt 0.571560 0.071378
vt 0.584001 0.096644
vt 0.777635 0.462165
vt 0.785193 0.446631
vt 0.770880 0.475928
vt 0.759380 0.469826
vt 0.767820 0.456957
vt 0.777186 0.442382
vt 0.578904 0.128409
vt 0.589422 0.156486
vt 0.595888 0.123474
vt 0.607032 0.151369
vt 0.793366 0.429721
vt 0.787271 0.426427
vt 0.599177 0.185064
vt 0.617245 0.179814
vt 0.914665 0.606128
vt 0.931550 0.590657
vt 0.897519 0.621308
vt 0.888812 0.610681
vt 0.905015 0.594351
vt 0.921027 0.577813
vt 0.659201 0.432394
vt 0.653213 0.451818
vt 0.663636 0.411161
vt 0.675723 0.407424
vt 0.670124 0.429017
vt 0.694085 0.547903
vt 0.702382 0.570496
vt 0.693012 0.569147
vt 0.685826 0.546714
vt 0.585920 0.067081
vt 0.599241 0.092084
vt 0.957921 0.589738
vt 0.947954 0.575071
vt 0.936640 0.561262
vt 0.963626 0.559585
vt 0.951619 0.544930
vt 0.758556 0.450839
vt 0.769627 0.437390
vt 0.748526 0.462657
vt 0.738420 0.454493
vt 0.749931 0.443871
vt 0.762590 0.431705
vt 0.611867 0.118692
vt 0.623600 0.146411
vt 0.613376 0.087713
vt 0.626688 0.114109
vt 0.638967 0.141660
vt 0.781464 0.422655
vt 0.793128 0.407849
vt 0.776119 0.418269
vt 0.789638 0.404484
vt 0.634244 0.174727
vt 0.643620 0.203237
vt 0.650012 0.169852
vt 0.659631 0.198286
vt 0.789355 0.705868
vt 0.799727 0.698647
vt 0.785245 0.706029
vt 0.797108 0.695970
vt 0.802234 0.396095
vt 0.802533 0.391013
vt 0.651559 0.231585
vt 0.657942 0.259490
vt 0.667651 0.226609
vt 0.673944 0.254543
vt 0.814044 0.688316
vt 0.829899 0.676467
vt 0.810615 0.684195
vt 0.825401 0.670977
vt 0.662696 0.286741
vt 0.665889 0.313324
vt 0.678435 0.281875
vt 0.681200 0.308590
vt 0.846379 0.663706
vt 0.863221 0.650207
vt 0.840784 0.656877
vt 0.856553 0.642069
vt 0.667599 0.339238
vt 0.667814 0.364327
vt 0.682328 0.334684
vt 0.681810 0.359999
vt 0.880316 0.636041
vt 0.872607 0.626631
vt 0.666501 0.388385
vt 0.679616 0.384330
vt 0.693274 0.752452
vt 0.686101 0.780181
vt 0.670824 0.777586
vt 0.678084 0.749872
vt 0.674236 0.193598
vt 0.682328 0.221898
vt 0.661914 0.805331
vt 0.645397 0.802169
vt 0.654225 0.774409
vt 0.661578 0.746713
vt 0.806876 0.680319
vt 0.820410 0.665882
vt 0.794735 0.693080
vt 0.791672 0.690888
vt 0.802744 0.676837
vt 0.814975 0.661230
vt 0.702013 0.697648
vt 0.698552 0.724930
vt 0.683612 0.722392
vt 0.687478 0.695178
vt 0.667377 0.719284
vt 0.671684 0.692155
vt 0.834575 0.650540
vt 0.849153 0.634515
vt 0.827815 0.644753
vt 0.841096 0.627619
vt 0.703750 0.644043
vt 0.703750 0.670631
vt 0.689767 0.668256
vt 0.690463 0.641786
vt 0.674573 0.665348
vt 0.676025 0.639022
vt 0.864053 0.617899
vt 0.879151 0.600819
vt 0.854737 0.609926
vt 0.868630 0.591814
vt 0.698402 0.593035
vt 0.701977 0.618092
vt 0.689527 0.615977
vt 0.686927 0.591086
vt 0.675999 0.613387
vt 0.674459 0.588699
vt 0.894308 0.583421
vt 0.909351 0.565894
vt 0.882649 0.573441
vt 0.896635 0.555011
vt 0.682643 0.567385
vt 0.676685 0.545161
vt 0.671376 0.565229
vt 0.666753 0.543260
vt 0.924087 0.548447
vt 0.938296 0.531330
vt 0.910416 0.536747
vt 0.923788 0.518913
vt 0.742028 0.436118
vt 0.756142 0.425380
vt 0.729160 0.445410
vt 0.720835 0.435497
vt 0.734923 0.427658
vt 0.750345 0.418477
vt 0.640207 0.109770
vt 0.652984 0.137161
vt 0.965724 0.529062
vt 0.951755 0.514802
vt 0.936544 0.501782
vt 0.639719 0.859792
vt 0.626816 0.885805
vt 0.611528 0.882879
vt 0.623867 0.856758
vt 0.771153 0.413472
vt 0.785881 0.401395
vt 0.766764 0.408163
vt 0.783117 0.397440
vt 0.664394 0.165236
vt 0.651485 0.832842
vt 0.635220 0.829729
vt 0.785998 0.702124
vt 0.782042 0.703035
vt 0.797336 0.391733
vt 0.798669 0.386839
vt 0.659319 0.562697
vt 0.656124 0.541029
vt 0.661115 0.585897
vt 0.647026 0.582709
vt 0.646588 0.559816
vt 0.644901 0.538489
vt 0.895758 0.526276
vt 0.908233 0.507800
vt 0.883002 0.545272
vt 0.868583 0.536769
vt 0.880256 0.517134
vt 0.582805 0.904325
vt 0.570019 0.927369
vt 0.554494 0.923855
vt 0.566329 0.900596
vt 0.728685 0.418569
vt 0.745256 0.411062
vt 0.713526 0.424848
vt 0.651533 0.521172
vt 0.641955 0.519004
vt 0.723373 0.408942
vt 0.740922 0.403206
vt 0.595167 0.879444
vt 0.606903 0.853196
vt 0.598410 0.907601
vt 0.577892 0.875534
vt 0.588991 0.849142
vt 0.762829 0.402524
vt 0.780031 0.393700
vt 0.759564 0.396496
vt 0.778098 0.389308
vt 0.617814 0.826075
vt 0.627722 0.798458
vt 0.599436 0.821915
vt 0.609059 0.794234
vt 0.782015 0.699007
vt 0.788811 0.688443
vt 0.778359 0.700640
vt 0.785421 0.686823
vt 0.793383 0.386534
vt 0.795696 0.382021
vt 0.636462 0.770679
vt 0.643914 0.743004
vt 0.617706 0.766434
vt 0.625264 0.738783
vt 0.798368 0.673661
vt 0.809147 0.657067
vt 0.793693 0.670951
vt 0.802984 0.653432
vt 0.650003 0.715637
vt 0.654782 0.688607
vt 0.631659 0.711485
vt 0.636935 0.684567
vt 0.820566 0.639575
vt 0.832456 0.621447
vt 0.812899 0.635054
vt 0.823319 0.616058
vt 0.658313 0.661934
vt 0.660574 0.635778
vt 0.641145 0.658048
vt 0.644261 0.632086
vt 0.844749 0.602791
vt 0.857350 0.583756
vt 0.834186 0.596561
vt 0.845419 0.576720
vt 0.661522 0.610348
vt 0.646237 0.606888
vt 0.870147 0.564511
vt 0.856926 0.556714
vt 0.788846 0.668595
vt 0.796544 0.650361
vt 0.782181 0.684916
vt 0.778595 0.683931
vt 0.783809 0.666763
vt 0.789889 0.647883
vt 0.612520 0.706868
vt 0.618315 0.680076
vt 0.605805 0.734089
vt 0.585727 0.728968
vt 0.592772 0.701831
vt 0.599103 0.675175
vt 0.804888 0.631234
vt 0.813771 0.611506
vt 0.796611 0.628151
vt 0.803906 0.607832
vt 0.623232 0.653727
vt 0.627240 0.627980
vt 0.604749 0.649013
vt 0.609677 0.623501
vt 0.823148 0.591298
vt 0.832953 0.570776
vt 0.811742 0.587051
vt 0.820072 0.565979
vt 0.630289 0.603041
vt 0.632327 0.579163
vt 0.613833 0.598844
vt 0.617159 0.575294
vt 0.843110 0.550126
vt 0.853517 0.529585
vt 0.828835 0.544810
vt 0.837949 0.523787
vt 0.633306 0.556612
vt 0.633192 0.535664
vt 0.619601 0.553117
vt 0.621110 0.532583
vt 0.538296 0.919948
vt 0.549139 0.896449
vt 0.864058 0.509410
vt 0.527497 0.941404
vt 0.511951 0.937439
vt 0.521583 0.915685
vt 0.531402 0.891926
vt 0.719040 0.398866
vt 0.737386 0.394986
vt 0.631962 0.516593
vt 0.621650 0.513963
vt 0.715726 0.388441
vt 0.734682 0.386480
vt 0.559868 0.871186
vt 0.570303 0.844634
vt 0.541271 0.866443
vt 0.551020 0.839716
vt 0.756811 0.390232
vt 0.775802 0.385061
vt 0.754797 0.383717
vt 0.774775 0.380400
vt 0.580262 0.817290
vt 0.589587 0.789537
vt 0.560476 0.812244
vt 0.569495 0.784413
vt 0.777557 0.696635
vt 0.774337 0.698936
vt 0.790525 0.380695
vt 0.793727 0.376743
vt 0.598137 0.761714
vt 0.577945 0.756564
vt 0.504513 0.911108
vt 0.513287 0.887068
vt 0.496075 0.933181
vt 0.480021 0.928672
vt 0.487253 0.906260
vt 0.494969 0.881923
vt 0.713464 0.377766
vt 0.732836 0.377770
vt 0.608771 0.529274
vt 0.611119 0.511139
vt 0.596295 0.525770
vt 0.600471 0.508148
vt 0.712274 0.366944
vt 0.731866 0.368941
vt 0.522277 0.861350
vt 0.531326 0.834435
vt 0.503072 0.855955
vt 0.511412 0.828842
vt 0.753332 0.377068
vt 0.773357 0.375810
vt 0.752645 0.370316
vt 0.773276 0.371060
vt 0.540270 0.806825
vt 0.548976 0.778910
vt 0.519838 0.801086
vt 0.528227 0.773082
vt 0.772796 0.695100
vt 0.775101 0.682633
vt 0.770130 0.697988
vt 0.771456 0.682322
vt 0.788873 0.374443
vt 0.792838 0.371209
vt 0.557323 0.751034
vt 0.565221 0.723469
vt 0.536471 0.745177
vt 0.544486 0.717645
vt 0.778678 0.665317
vt 0.783084 0.646022
vt 0.773471 0.664433
vt 0.776194 0.644796
vt 0.572603 0.696422
vt 0.579481 0.669913
vt 0.552208 0.690694
vt 0.559640 0.664341
vt 0.788145 0.625837
vt 0.793817 0.605073
vt 0.779575 0.624312
vt 0.783602 0.603255
vt 0.585873 0.643951
vt 0.591740 0.618691
vt 0.566786 0.638590
vt 0.573603 0.613597
vt 0.800079 0.583862
vt 0.806899 0.562377
vt 0.788269 0.581760
vt 0.793561 0.560004
vt 0.597027 0.594337
vt 0.601669 0.571140
vt 0.580033 0.589564
vt 0.586006 0.566741
vt 0.814236 0.540818
vt 0.822028 0.519434
vt 0.799455 0.538188
vt 0.805909 0.516565
vt 0.605604 0.549363
vt 0.591450 0.545388
vt 0.531785 0.684702
vt 0.539771 0.658511
vt 0.523721 0.711552
vt 0.503127 0.705249
vt 0.511529 0.678502
vt 0.520064 0.652480
vt 0.770981 0.623591
vt 0.773359 0.602397
vt 0.769285 0.644217
vt 0.762424 0.644290
vt 0.762446 0.623682
vt 0.763188 0.602505
vt 0.547671 0.632981
vt 0.555440 0.608267
vt 0.528713 0.627179
vt 0.537425 0.602754
vt 0.776428 0.580768
vt 0.780188 0.558883
vt 0.764669 0.580892
vt 0.766907 0.559024
vt 0.563014 0.584571
vt 0.570320 0.562138
vt 0.546135 0.579405
vt 0.554762 0.557377
vt 0.784634 0.536946
vt 0.789746 0.515211
vt 0.769915 0.537102
vt 0.463944 0.923955
vt 0.458608 0.944610
vt 0.443987 0.940135
vt 0.447999 0.919075
vt 0.577276 0.541229
vt 0.583800 0.522103
vt 0.563218 0.536926
vt 0.571407 0.518311
vt 0.469968 0.901188
vt 0.476625 0.876540
vt 0.452825 0.895941
vt 0.458432 0.870972
vt 0.712170 0.356080
vt 0.731781 0.360076
vt 0.589807 0.505019
vt 0.579230 0.501782
vt 0.713151 0.345277
vt 0.732581 0.351263
vt 0.483838 0.850312
vt 0.491470 0.822990
vt 0.464763 0.844474
vt 0.471691 0.816937
vt 0.752525 0.363539
vt 0.772789 0.366302
vt 0.753192 0.356810
vt 0.773657 0.361646
vt 0.499377 0.795082
vt 0.507449 0.766985
vt 0.479083 0.788872
vt 0.486840 0.760678
vt 0.767916 0.694462
vt 0.767842 0.681684
vt 0.765900 0.697832
vt 0.764277 0.682058
vt 0.788489 0.368018
vt 0.793064 0.365631
vt 0.515589 0.739050
vt 0.494878 0.732711
vt 0.768254 0.663954
vt 0.763077 0.664050
vt 0.715209 0.334641
vt 0.734260 0.342584
vt 0.695325 0.338972
vt 0.697736 0.326510
vt 0.446029 0.838497
vt 0.452266 0.810740
vt 0.440564 0.865272
vt 0.754421 0.350164
vt 0.774122 0.356901
vt 0.459153 0.782513
vt 0.466601 0.754222
vt 0.763103 0.694744
vt 0.760684 0.682103
vt 0.789390 0.361665
vt 0.474538 0.726222
vt 0.482901 0.698797
vt 0.757974 0.664556
vt 0.755677 0.645015
vt 0.491635 0.672156
vt 0.500710 0.646305
vt 0.754054 0.624583
vt 0.753185 0.603579
vt 0.510095 0.621240
vt 0.519733 0.597110
vt 0.753105 0.582135
vt 0.753847 0.560427
vt 0.529559 0.574117
vt 0.539484 0.552503
vt 0.429628 0.935554
vt 0.432340 0.914079
vt 0.755441 0.538657
vt 0.549413 0.532522
vt 0.559237 0.514428
vt 0.435989 0.890570
s 1
usemtl Egg_BAKED
f 481/1/481 1380/2/1380 1475/3/1475 1401/4/1401
f 1380/2/1380 480/5/480 1402/6/1402 1475/3/1475
f 1475/3/1475 1402/6/1402 14/7/14 495/8/495
f 1401/4/1401 1475/3/1475 495/8/495 15/9/15
f 474/10/474 1373/11/1373 1476/12/1476 1403/13/1403
f 1373/11/1373 473/14/473 1404/15/1404 1476/12/1476
f 1476/12/1476 1404/15/1404 7/16/7 488/17/488
f 1403/13/1403 1476/12/1476 488/17/488 8/18/8
f 482/19/482 1381/20/1381 1477/21/1477 1405/22/1405
f 1381/20/1381 481/1/481 1401/4/1401 1477/21/1477
f 1477/21/1477 1401/4/1401 15/9/15 496/23/496
f 1405/22/1405 1477/21/1477 496/23/496 16/24/16
f 475/25/475 1374/26/1374 1478/27/1478 1406/28/1406
f 1374/26/1374 474/10/474 1403/13/1403 1478/27/1478
f 1478/27/1478 1403/13/1403 8/18/8 489/29/489
f 1406/28/1406 1478/27/1478 489/29/489 9/30/9
f 468/31/468 1397/32/1397 1479/33/1479 1407/34/1407
f 257/35/257 1399/36/1399 1479/33/1479 1397/32/1397
f 2/37/2 1407/34/1407 1479/33/1479 1399/36/1399
f 1/38/1 1398/39/1398 1480/40/1480 1400/41/1400
f 482/19/482 1405/22/1405 1480/40/1480 1398/39/1398
f 16/24/16 1400/41/1400 1480/40/1480 1405/22/1405
f 476/42/476 1375/43/1375 1481/44/1481 1408/45/1408
f 1375/43/1375 475/25/475 1406/28/1406 1481/44/1481
f 1481/44/1481 1406/28/1406 9/30/9 490/46/490
f 1408/45/1408 1481/44/1481 490/46/490 10/47/10
f 469/48/469 1368/49/1368 1482/50/1482 1409/51/1409
f 1368/49/1368 468/31/468 1407/34/1407 1482/50/1482
f 1482/50/1482 1407/34/1407 2/37/2 483/52/483
f 1409/51/1409 1482/50/1482 483/52/483 3/53/3
f 477/54/477 1376/55/1376 1483/56/1483 1410/57/1410
f 1376/55/1376 476/42/476 1408/45/1408 1483/56/1483
f 1483/56/1483 1408/45/1408 10/47/10 491/58/491
f 1410/57/1410 1483/56/1483 491/58/491 11/59/11
f 470/60/470 1369/61/1369 1484/62/1484 1411/63/1411
f 1369/61/1369 469/48/469 1409/51/1409 1484/62/1484
f 1484/62/1484 1409/51/1409 3/53/3 484/64/484
f 1411/63/1411 1484/62/1484 484/64/484 4/65/4
f 478/66/478 1377/67/1377 1485/68/1485 1412/69/1412
f 1377/67/1377 477/54/477 1410/57/1410 1485/68/1485
f 1485/68/1485 1410/57/1410 11/59/11 492/70/492
f 1412/69/1412 1485/68/1485 492/70/492 12/71/12
f 471/72/471 1370/73/1370 1486/74/1486 1413/75/1413
f 1370/73/1370 470/60/470 1411/63/1411 1486/74/1486
f 1486/74/1486 1411/63/1411 4/65/4 485/76/485
f 1413/75/1413 1486/74/1486 485/76/485 5/77/5
f 479/78/479 1378/79/1378 1487/80/1487 1414/81/1414
f 1378/79/1378 478/66/478 1412/69/1412 1487/80/1487
f 1487/80/1487 1412/69/1412 12/71/12 493/82/493
f 1414/81/1414 1487/80/1487 493/82/493 13/83/13
f 472/84/472 1371/85/1371 1488/86/1488 1415/87/1415
f 1371/88/1371 471/72/471 1413/75/1413 1488/89/1488
f 1488/90/1488 1413/91/1413 5/92/5 486/93/486
f 1415/94/1415 1488/90/1488 486/93/486 6/95/6
f 480/96/480 1379/97/1379 1489/98/1489 1402/99/1402
f 1379/97/1379 479/78/479 1414/81/1414 1489/98/1489
f 1489/98/1489 1414/81/1414 13/83/13 494/100/494
f 1402/99/1402 1489/98/1489 494/100/494 14/101/14
f 473/14/473 1372/102/1372 1490/103/1490 1404/15/1404
f 1372/102/1372 472/84/472 1415/87/1415 1490/103/1490
f 1490/103/1490 1415/87/1415 6/104/6 487/105/487
f 1404/15/1404 1490/103/1490 487/105/487 7/16/7
f 6/95/6 486/93/486 1491/106/1491 511/107/511
f 486/93/486 5/92/5 512/108/512 1491/106/1491
f 1491/106/1491 512/108/512 20/109/20 500/110/500
f 511/107/511 1491/106/1491 500/110/500 21/111/21
f 14/7/14 494/112/494 1492/113/1492 513/114/513
f 494/100/494 13/83/13 514/115/514 1492/116/1492
f 1492/116/1492 514/115/514 28/117/28 508/118/508
f 513/114/513 1492/113/1492 508/119/508 29/120/29
f 7/16/7 487/105/487 1493/121/1493 515/122/515
f 487/123/487 6/95/6 511/107/511 1493/124/1493
f 1493/124/1493 511/107/511 21/111/21 501/125/501
f 515/126/515 1493/124/1493 501/125/501 22/127/22
f 15/9/15 495/8/495 1494/128/1494 516/129/516
f 495/8/495 14/7/14 513/114/513 1494/128/1494
f 1494/128/1494 513/114/513 29/120/29 509/130/509
f 516/129/516 1494/128/1494 509/130/509 30/131/30
f 8/18/8 488/17/488 1495/132/1495 517/133/517
f 488/17/488 7/16/7 515/122/515 1495/132/1495
f 1495/134/1495 515/126/515 22/127/22 502/135/502
f 517/133/517 1495/132/1495 502/136/502 23/137/23
f 16/24/16 496/23/496 1496/138/1496 518/139/518
f 496/23/496 15/9/15 516/129/516 1496/138/1496
f 1496/138/1496 516/129/516 30/131/30 510/140/510
f 518/139/518 1496/138/1496 510/140/510 31/141/31
f 9/30/9 489/29/489 1497/142/1497 519/143/519
f 489/29/489 8/18/8 517/133/517 1497/142/1497
f 1497/142/1497 517/133/517 23/137/23 503/144/503
f 519/143/519 1497/142/1497 503/144/503 24/145/24
f 2/37/2 1399/36/1399 1498/146/1498 520/147/520
f 257/35/257 1416/148/1416 1498/146/1498 1399/36/1399
f 17/149/17 520/147/520 1498/146/1498 1416/148/1416
f 1/38/1 1400/41/1400 1499/150/1499 1417/151/1417
f 16/24/16 518/139/518 1499/150/1499 1400/41/1400
f 31/141/31 1417/151/1417 1499/150/1499 518/139/518
f 10/47/10 490/46/490 1500/152/1500 521/153/521
f 490/46/490 9/30/9 519/143/519 1500/152/1500
f 1500/152/1500 519/143/519 24/145/24 504/154/504
f 521/153/521 1500/152/1500 504/154/504 25/155/25
f 3/53/3 483/52/483 1501/156/1501 522/157/522
f 483/52/483 2/37/2 520/147/520 1501/156/1501
f 1501/156/1501 520/147/520 17/149/17 497/158/497
f 522/157/522 1501/156/1501 497/158/497 18/159/18
f 11/59/11 491/58/491 1502/160/1502 523/161/523
f 491/58/491 10/47/10 521/153/521 1502/160/1502
f 1502/160/1502 521/153/521 25/155/25 505/162/505
f 523/161/523 1502/160/1502 505/162/505 26/163/26
f 4/65/4 484/64/484 1503/164/1503 524/165/524
f 484/64/484 3/53/3 522/157/522 1503/164/1503
f 1503/164/1503 522/157/522 18/159/18 498/166/498
f 524/167/524 1503/168/1503 498/169/498 19/170/19
f 12/71/12 492/70/492 1504/171/1504 525/172/525
f 492/70/492 11/59/11 523/161/523 1504/171/1504
f 1504/171/1504 523/161/523 26/163/26 506/173/506
f 525/172/525 1504/171/1504 506/173/506 27/174/27
f 5/92/5 485/175/485 1505/176/1505 512/108/512
f 485/175/485 4/177/4 524/167/524 1505/176/1505
f 1505/176/1505 524/167/524 19/170/19 499/178/499
f 512/108/512 1505/176/1505 499/178/499 20/109/20
f 13/83/13 493/82/493 1506/179/1506 514/115/514
f 493/82/493 12/71/12 525/172/525 1506/179/1506
f 1506/179/1506 525/172/525 27/174/27 507/180/507
f 514/115/514 1506/179/1506 507/180/507 28/117/28
f 25/155/25 504/154/504 1507/181/1507 540/182/540
f 504/154/504 24/145/24 541/183/541 1507/181/1507
f 1507/184/1507 541/185/541 39/186/39 533/187/533
f 540/182/540 1507/181/1507 533/188/533 40/189/40
f 18/159/18 497/158/497 1508/190/1508 542/191/542
f 497/158/497 17/149/17 543/192/543 1508/190/1508
f 1508/190/1508 543/192/543 32/193/32 526/194/526
f 542/195/542 1508/196/1508 526/197/526 33/198/33
f 26/163/26 505/162/505 1509/199/1509 544/200/544
f 505/162/505 25/155/25 540/182/540 1509/199/1509
f 1509/199/1509 540/182/540 40/189/40 534/201/534
f 544/200/544 1509/199/1509 534/201/534 41/202/41
f 19/170/19 498/169/498 1510/203/1510 545/204/545
f 498/169/498 18/205/18 542/195/542 1510/203/1510
f 1510/203/1510 542/195/542 33/198/33 527/206/527
f 545/204/545 1510/203/1510 527/206/527 34/207/34
f 27/174/27 506/173/506 1511/208/1511 546/209/546
f 506/173/506 26/163/26 544/200/544 1511/208/1511
f 1511/208/1511 544/200/544 41/202/41 535/210/535
f 546/209/546 1511/208/1511 535/210/535 42/211/42
f 20/109/20 499/178/499 1512/212/1512 547/213/547
f 499/178/499 19/170/19 545/204/545 1512/212/1512
f 1512/212/1512 545/204/545 34/207/34 528/214/528
f 547/213/547 1512/212/1512 528/214/528 35/215/35
f 28/117/28 507/180/507 1513/216/1513 548/217/548
f 507/180/507 27/174/27 546/209/546 1513/216/1513
f 1513/216/1513 546/209/546 42/211/42 536/218/536
f 548/219/548 1513/220/1513 536/221/536 43/222/43
f 21/111/21 500/110/500 1514/223/1514 549/224/549
f 500/110/500 20/109/20 547/213/547 1514/223/1514
f 1514/223/1514 547/213/547 35/215/35 529/225/529
f 549/224/549 1514/223/1514 529/225/529 36/226/36
f 29/120/29 508/119/508 1515/227/1515 550/228/550
f 508/119/508 28/229/28 548/219/548 1515/227/1515
f 1515/227/1515 548/219/548 43/222/43 537/230/537
f 550/228/550 1515/227/1515 537/230/537 44/231/44
f 22/127/22 501/125/501 1516/232/1516 551/233/551
f 501/125/501 21/111/21 549/224/549 1516/232/1516
f 1516/232/1516 549/224/549 36/226/36 530/234/530
f 551/233/551 1516/232/1516 530/234/530 37/235/37
f 30/131/30 509/130/509 1517/236/1517 552/237/552
f 509/130/509 29/120/29 550/228/550 1517/236/1517
f 1517/236/1517 550/228/550 44/231/44 538/238/538
f 552/237/552 1517/236/1517 538/238/538 45/239/45
f 23/240/23 502/135/502 1518/241/1518 553/242/553
f 502/135/502 22/127/22 551/233/551 1518/241/1518
f 1518/241/1518 551/233/551 37/235/37 531/243/531
f 553/242/553 1518/241/1518 531/243/531 38/244/38
f 31/141/31 510/140/510 1519/245/1519 554/246/554
f 510/140/510 30/131/30 552/237/552 1519/245/1519
f 1519/245/1519 552/237/552 45/239/45 539/247/539
f 554/246/554 1519/245/1519 539/247/539 46/248/46
f 24/145/24 503/144/503 1520/249/1520 541/183/541
f 503/250/503 23/240/23 553/242/553 1520/251/1520
f 1520/251/1520 553/242/553 38/244/38 532/252/532
f 541/185/541 1520/251/1520 532/252/532 39/186/39
f 17/149/17 1416/148/1416 1521/253/1521 543/192/543
f 257/35/257 1418/254/1418 1521/253/1521 1416/148/1416
f 32/193/32 543/192/543 1521/253/1521 1418/254/1418
f 1/38/1 1417/151/1417 1522/255/1522 1419/256/1419
f 31/141/31 554/246/554 1522/255/1522 1417/151/1417
f 46/248/46 1419/256/1419 1522/255/1522 554/246/554
f 44/231/44 537/230/537 1523/257/1523 569/258/569
f 537/230/537 43/222/43 570/259/570 1523/257/1523
f 1523/257/1523 570/259/570 58/260/58 566/261/566
f 569/258/569 1523/257/1523 566/261/566 59/262/59
f 37/235/37 530/234/530 1524/263/1524 571/264/571
f 530/234/530 36/226/36 572/265/572 1524/263/1524
f 1524/263/1524 572/265/572 51/266/51 559/267/559
f 571/264/571 1524/263/1524 559/267/559 52/268/52
f 45/239/45 538/238/538 1525/269/1525 573/270/573
f 538/238/538 44/231/44 569/258/569 1525/269/1525
f 1525/269/1525 569/258/569 59/262/59 567/271/567
f 573/270/573 1525/269/1525 567/271/567 60/272/60
f 38/244/38 531/243/531 1526/273/1526 574/274/574
f 531/243/531 37/235/37 571/264/571 1526/273/1526
f 1526/273/1526 571/264/571 52/268/52 560/275/560
f 574/274/574 1526/273/1526 560/275/560 53/276/53
f 46/248/46 539/247/539 1527/277/1527 575/278/575
f 539/247/539 45/239/45 573/270/573 1527/277/1527
f 1527/277/1527 573/270/573 60/272/60 568/279/568
f 575/278/575 1527/277/1527 568/279/568 61/280/61
f 39/186/39 532/252/532 1528/281/1528 576/282/576
f 532/252/532 38/244/38 574/274/574 1528/281/1528
f 1528/281/1528 574/274/574 53/276/53 561/283/561
f 576/282/576 1528/281/1528 561/283/561 54/284/54
f 32/193/32 1418/254/1418 1529/285/1529 577/286/577
f 257/35/257 1420/287/1420 1529/285/1529 1418/254/1418
f 47/288/47 577/286/577 1529/285/1529 1420/287/1420
f 1/38/1 1419/256/1419 1530/289/1530 1421/290/1421
f 46/248/46 575/278/575 1530/289/1530 1419/256/1419
f 61/280/61 1421/290/1421 1530/289/1530 575/278/575
f 40/291/40 533/187/533 1531/292/1531 578/293/578
f 533/187/533 39/186/39 576/282/576 1531/292/1531
f 1531/292/1531 576/282/576 54/284/54 562/294/562
f 578/293/578 1531/292/1531 562/294/562 55/295/55
f 33/198/33 526/197/526 1532/296/1532 579/297/579
f 526/194/526 32/193/32 577/286/577 1532/298/1532
f 1532/298/1532 577/286/577 47/288/47 555/299/555
f 579/297/579 1532/296/1532 555/300/555 48/301/48
f 41/202/41 534/201/534 1533/302/1533 580/303/580
f 534/304/534 40/291/40 578/293/578 1533/305/1533
f 1533/305/1533 578/293/578 55/295/55 563/306/563
f 580/307/580 1533/305/1533 563/306/563 56/308/56
f 34/207/34 527/206/527 1534/309/1534 581/310/581
f 527/206/527 33/198/33 579/297/579 1534/309/1534
f 1534/309/1534 579/297/579 48/301/48 556/311/556
f 581/310/581 1534/309/1534 556/311/556 49/312/49
f 42/211/42 535/210/535 1535/313/1535 582/314/582
f 535/210/535 41/202/41 580/303/580 1535/313/1535
f 1535/315/1535 580/307/580 56/308/56 564/316/564
f 582/317/582 1535/318/1535 564/319/564 57/320/57
f 35/215/35 528/214/528 1536/321/1536 583/322/583
f 528/214/528 34/207/34 581/310/581 1536/321/1536
f 1536/321/1536 581/310/581 49/312/49 557/323/557
f 583/322/583 1536/321/1536 557/323/557 50/324/50
f 43/222/43 536/221/536 1537/325/1537 570/259/570
f 536/221/536 42/326/42 582/317/582 1537/325/1537
f 1537/325/1537 582/317/582 57/320/57 565/327/565
f 570/259/570 1537/325/1537 565/327/565 58/260/58
f 36/226/36 529/225/529 1538/328/1538 572/265/572
f 529/225/529 35/215/35 583/322/583 1538/328/1538
f 1538/328/1538 583/322/583 50/324/50 558/329/558
f 572/265/572 1538/328/1538 558/329/558 51/266/51
f 56/308/56 563/306/563 1539/330/1539 598/331/598
f 563/306/563 55/295/55 599/332/599 1539/330/1539
f 1539/330/1539 599/332/599 70/333/70 592/334/592
f 598/331/598 1539/330/1539 592/334/592 71/335/71
f 49/312/49 556/311/556 1540/336/1540 600/337/600
f 556/311/556 48/301/48 601/338/601 1540/336/1540
f 1540/336/1540 601/338/601 63/339/63 585/340/585
f 600/337/600 1540/336/1540 585/340/585 64/341/64
f 57/320/57 564/319/564 1541/342/1541 602/343/602
f 564/316/564 56/308/56 598/331/598 1541/344/1541
f 1541/344/1541 598/331/598 71/335/71 593/345/593
f 602/343/602 1541/342/1541 593/346/593 72/347/72
f 50/324/50 557/323/557 1542/348/1542 603/349/603
f 557/323/557 49/312/49 600/337/600 1542/348/1542
f 1542/348/1542 600/337/600 64/341/64 586/350/586
f 603/349/603 1542/348/1542 586/350/586 65/351/65
f 58/260/58 565/327/565 1543/352/1543 604/353/604
f 565/327/565 57/320/57 602/343/602 1543/352/1543
f 1543/352/1543 602/343/602 72/347/72 594/354/594
f 604/353/604 1543/352/1543 594/354/594 73/355/73
f 51/266/51 558/329/558 1544/356/1544 605/357/605
f 558/329/558 50/324/50 603/349/603 1544/356/1544
f 1544/356/1544 603/349/603 65/351/65 587/358/587
f 605/357/605 1544/356/1544 587/358/587 66/359/66
f 59/262/59 566/261/566 1545/360/1545 606/361/606
f 566/261/566 58/260/58 604/353/604 1545/360/1545
f 1545/360/1545 604/353/604 73/355/73 595/362/595
f 606/361/606 1545/360/1545 595/362/595 74/363/74
f 52/268/52 559/267/559 1546/364/1546 607/365/607
f 559/267/559 51/266/51 605/357/605 1546/364/1546
f 1546/364/1546 605/357/605 66/359/66 588/366/588
f 607/365/607 1546/364/1546 588/366/588 67/367/67
f 60/272/60 567/271/567 1547/368/1547 608/369/608
f 567/271/567 59/262/59 606/361/606 1547/368/1547
f 1547/368/1547 606/361/606 74/363/74 596/370/596
f 608/369/608 1547/368/1547 596/370/596 75/371/75
f 53/276/53 560/275/560 1548/372/1548 609/373/609
f 560/275/560 52/268/52 607/365/607 1548/372/1548
f 1548/372/1548 607/365/607 67/367/67 589/374/589
f 609/373/609 1548/372/1548 589/374/589 68/375/68
f 61/280/61 568/279/568 1549/376/1549 610/377/610
f 568/279/568 60/272/60 608/369/608 1549/376/1549
f 1549/376/1549 608/369/608 75/371/75 597/378/597
f 610/377/610 1549/376/1549 597/378/597 76/379/76
f 54/284/54 561/283/561 1550/380/1550 611/381/611
f 561/283/561 53/276/53 609/373/609 1550/380/1550
f 1550/380/1550 609/373/609 68/375/68 590/382/590
f 611/381/611 1550/380/1550 590/382/590 69/383/69
f 47/288/47 1420/287/1420 1551/384/1551 612/385/612
f 257/35/257 1422/386/1422 1551/384/1551 1420/287/1420
f 62/387/62 612/385/612 1551/384/1551 1422/386/1422
f 1/38/1 1421/290/1421 1552/388/1552 1423/389/1423
f 61/280/61 610/377/610 1552/388/1552 1421/290/1421
f 76/379/76 1423/389/1423 1552/388/1552 610/377/610
f 55/295/55 562/294/562 1553/390/1553 599/332/599
f 562/294/562 54/284/54 611/381/611 1553/390/1553
f 1553/390/1553 611/381/611 69/383/69 591/391/591
f 599/332/599 1553/390/1553 591/391/591 70/333/70
f 48/301/48 555/300/555 1554/392/1554 601/338/601
f 555/300/555 47/393/47 612/394/612 1554/392/1554
f 1554/392/1554 612/394/612 62/395/62 584/396/584
f 601/338/601 1554/392/1554 584/396/584 63/339/63
f 75/371/75 596/370/596 1555/397/1555 627/398/627
f 596/370/596 74/363/74 628/399/628 1555/397/1555
f 1555/397/1555 628/399/628 89/400/89 625/401/625
f 627/398/627 1555/397/1555 625/401/625 90/402/90
f 68/375/68 589/374/589 1556/403/1556 629/404/629
f 589/374/589 67/367/67 630/405/630 1556/403/1556
f 1556/403/1556 630/405/630 82/406/82 618/407/618
f 629/404/629 1556/403/1556 618/407/618 83/408/83
f 76/379/76 597/378/597 1557/409/1557 631/410/631
f 597/378/597 75/371/75 627/398/627 1557/409/1557
f 1557/409/1557 627/398/627 90/402/90 626/411/626
f 631/410/631 1557/409/1557 626/411/626 91/412/91
f 69/383/69 590/382/590 1558/413/1558 632/414/632
f 590/382/590 68/375/68 629/404/629 1558/413/1558
f 1558/413/1558 629/404/629 83/408/83 619/415/619
f 632/414/632 1558/413/1558 619/415/619 84/416/84
f 62/387/62 1422/386/1422 1559/417/1559 633/418/633
f 257/35/257 1424/419/1424 1559/417/1559 1422/386/1422
f 77/420/77 633/418/633 1559/417/1559 1424/419/1424
f 1/38/1 1423/389/1423 1560/421/1560 1425/422/1425
f 76/379/76 631/410/631 1560/421/1560 1423/389/1423
f 91/412/91 1425/422/1425 1560/421/1560 631/410/631
f 70/333/70 591/391/591 1561/423/1561 634/424/634
f 591/391/591 69/383/69 632/414/632 1561/423/1561
f 1561/423/1561 632/414/632 84/416/84 620/425/620
f 634/424/634 1561/423/1561 620/425/620 85/426/85
f 63/339/63 584/396/584 1562/427/1562 635/428/635
f 584/396/584 62/395/62 633/429/633 1562/427/1562
f 1562/427/1562 633/429/633 77/430/77 613/431/613
f 635/428/635 1562/427/1562 613/431/613 78/432/78
f 71/335/71 592/334/592 1563/433/1563 636/434/636
f 592/334/592 70/333/70 634/424/634 1563/433/1563
f 1563/433/1563 634/424/634 85/426/85 621/435/621
f 636/434/636 1563/433/1563 621/435/621 86/436/86
f 64/341/64 585/340/585 1564/437/1564 637/438/637
f 585/340/585 63/339/63 635/428/635 1564/437/1564
f 1564/437/1564 635/428/635 78/432/78 614/439/614
f 637/438/637 1564/437/1564 614/439/614 79/440/79
f 72/347/72 593/346/593 1565/441/1565 638/442/638
f 593/345/593 71/335/71 636/434/636 1565/443/1565
f 1565/443/1565 636/434/636 86/436/86 622/444/622
f 638/442/638 1565/441/1565 622/445/622 87/446/87
f 65/351/65 586/350/586 1566/447/1566 639/448/639
f 586/350/586 64/341/64 637/438/637 1566/447/1566
f 1566/447/1566 637/438/637 79/440/79 615/449/615
f 639/448/639 1566/447/1566 615/449/615 80/450/80
f 73/355/73 594/354/594 1567/451/1567 640/452/640
f 594/354/594 72/347/72 638/442/638 1567/451/1567
f 1567/451/1567 638/442/638 87/446/87 623/453/623
f 640/452/640 1567/451/1567 623/453/623 88/454/88
f 66/359/66 587/358/587 1568/455/1568 641/456/641
f 587/358/587 65/351/65 639/448/639 1568/455/1568
f 1568/455/1568 639/448/639 80/450/80 616/457/616
f 641/456/641 1568/455/1568 616/457/616 81/458/81
f 74/363/74 595/362/595 1569/459/1569 628/399/628
f 595/362/595 73/355/73 640/452/640 1569/459/1569
f 1569/459/1569 640/452/640 88/454/88 624/460/624
f 628/399/628 1569/459/1569 624/460/624 89/400/89
f 67/367/67 588/366/588 1570/461/1570 630/405/630
f 588/366/588 66/359/66 641/456/641 1570/461/1570
f 1570/461/1570 641/456/641 81/458/81 617/462/617
f 630/405/630 1570/461/1570 617/462/617 82/406/82
f 79/440/79 614/439/614 1571/463/1571 656/464/656
f 614/439/614 78/432/78 657/465/657 1571/463/1571
f 1571/463/1571 657/465/657 93/466/93 643/467/643
f 656/464/656 1571/463/1571 643/467/643 94/468/94
f 87/446/87 622/445/622 1572/469/1572 658/470/658
f 622/444/622 86/436/86 659/471/659 1572/472/1572
f 1572/472/1572 659/471/659 101/473/101 651/474/651
f 658/470/658 1572/469/1572 651/475/651 102/476/102
f 80/450/80 615/449/615 1573/477/1573 660/478/660
f 615/449/615 79/440/79 656/464/656 1573/477/1573
f 1573/477/1573 656/464/656 94/468/94 644/479/644
f 660/478/660 1573/477/1573 644/479/644 95/480/95
f 88/454/88 623/453/623 1574/481/1574 661/482/661
f 623/453/623 87/446/87 658/470/658 1574/481/1574
f 1574/481/1574 658/470/658 102/476/102 652/483/652
f 661/482/661 1574/481/1574 652/483/652 103/484/103
f 81/458/81 616/457/616 1575/485/1575 662/486/662
f 616/457/616 80/450/80 660/478/660 1575/485/1575
f 1575/485/1575 660/478/660 95/480/95 645/487/645
f 662/486/662 1575/485/1575 645/487/645 96/488/96
f 89/400/89 624/460/624 1576/489/1576 663/490/663
f 624/460/624 88/454/88 661/482/661 1576/489/1576
f 1576/489/1576 661/482/661 103/484/103 653/491/653
f 663/490/663 1576/489/1576 653/491/653 104/492/104
f 82/406/82 617/462/617 1577/493/1577 664/494/664
f 617/462/617 81/458/81 662/486/662 1577/493/1577
f 1577/493/1577 662/486/662 96/488/96 646/495/646
f 664/494/664 1577/493/1577 646/495/646 97/496/97
f 90/402/90 625/401/625 1578/497/1578 665/498/665
f 625/401/625 89/400/89 663/490/663 1578/497/1578
f 1578/497/1578 663/490/663 104/492/104 654/499/654
f 665/498/665 1578/497/1578 654/499/654 105/500/105
f 83/408/83 618/407/618 1579/501/1579 666/502/666
f 618/407/618 82/406/82 664/494/664 1579/501/1579
f 1579/501/1579 664/494/664 97/496/97 647/503/647
f 666/502/666 1579/501/1579 647/503/647 98/504/98
f 91/412/91 626/411/626 1580/505/1580 667/506/667
f 626/411/626 90/402/90 665/498/665 1580/505/1580
f 1580/505/1580 665/498/665 105/500/105 655/507/655
f 667/506/667 1580/505/1580 655/507/655 106/508/106
f 84/416/84 619/415/619 1581/509/1581 668/510/668
f 619/415/619 83/408/83 666/502/666 1581/509/1581
f 1581/509/1581 666/502/666 98/504/98 648/511/648
f 668/510/668 1581/509/1581 648/511/648 99/512/99
f 77/420/77 1424/419/1424 1582/513/1582 669/514/669
f 257/35/257 1426/515/1426 1582/513/1582 1424/419/1424
f 92/516/92 669/514/669 1582/513/1582 1426/515/1426
f 1/38/1 1425/422/1425 1583/517/1583 1427/518/1427
f 91/412/91 667/506/667 1583/517/1583 1425/422/1425
f 106/508/106 1427/518/1427 1583/517/1583 667/506/667
f 85/426/85 620/425/620 1584/519/1584 670/520/670
f 620/425/620 84/416/84 668/510/668 1584/519/1584
f 1584/519/1584 668/510/668 99/512/99 649/521/649
f 670/520/670 1584/519/1584 649/521/649 100/522/100
f 78/432/78 613/431/613 1585/523/1585 657/465/657
f 613/431/613 77/430/77 669/524/669 1585/523/1585
f 1585/523/1585 669/524/669 92/525/92 642/526/642
f 657/465/657 1585/523/1585 642/526/642 93/466/93
f 86/436/86 621/435/621 1586/527/1586 659/471/659
f 621/435/621 85/426/85 670/520/670 1586/527/1586
f 1586/527/1586 670/520/670 100/522/100 650/528/650
f 659/471/659 1586/527/1586 650/528/650 101/473/101
f 98/504/98 647/503/647 1587/529/1587 685/530/685
f 647/503/647 97/496/97 686/531/686 1587/529/1587
f 1587/529/1587 686/531/686 112/532/112 676/533/676
f 685/530/685 1587/529/1587 676/533/676 113/534/113
f 106/508/106 655/507/655 1588/535/1588 687/536/687
f 655/507/655 105/500/105 688/537/688 1588/535/1588
f 1588/535/1588 688/537/688 120/538/120 684/539/684
f 687/536/687 1588/535/1588 684/539/684 121/540/121
f 99/512/99 648/511/648 1589/541/1589 689/542/689
f 648/511/648 98/504/98 685/530/685 1589/541/1589
f 1589/541/1589 685/530/685 113/534/113 677/543/677
f 689/542/689 1589/541/1589 677/543/677 114/544/114
f 92/516/92 1426/515/1426 1590/545/1590 690/546/690
f 257/35/257 1428/547/1428 1590/545/1590 1426/515/1426
f 107/548/107 690/546/690 1590/545/1590 1428/547/1428
f 1/38/1 1427/518/1427 1591/549/1591 1429/550/1429
f 106/508/106 687/536/687 1591/549/1591 1427/518/1427
f 121/540/121 1429/550/1429 1591/549/1591 687/536/687
f 100/522/100 649/521/649 1592/551/1592 691/552/691
f 649/521/649 99/512/99 689/542/689 1592/551/1592
f 1592/551/1592 689/542/689 114/544/114 678/553/678
f 691/552/691 1592/551/1592 678/553/678 115/554/115
f 93/466/93 642/526/642 1593/555/1593 692/556/692
f 642/526/642 92/525/92 690/557/690 1593/555/1593
f 1593/555/1593 690/557/690 107/558/107 671/559/671
f 692/556/692 1593/555/1593 671/559/671 108/560/108
f 101/473/101 650/528/650 1594/561/1594 693/562/693
f 650/528/650 100/522/100 691/552/691 1594/561/1594
f 1594/561/1594 691/552/691 115/554/115 679/563/679
f 693/562/693 1594/561/1594 679/563/679 116/564/116
f 94/468/94 643/467/643 1595/565/1595 694/566/694
f 643/467/643 93/466/93 692/556/692 1595/565/1595
f 1595/565/1595 692/556/692 108/560/108 672/567/672
f 694/566/694 1595/565/1595 672/567/672 109/568/109
f 102/476/102 651/475/651 1596/569/1596 695/570/695
f 651/474/651 101/473/101 693/562/693 1596/571/1596
f 1596/571/1596 693/562/693 116/564/116 680/572/680
f 695/570/695 1596/569/1596 680/573/680 117/574/117
f 95/480/95 644/479/644 1597/575/1597 696/576/696
f 644/479/644 94/468/94 694/566/694 1597/575/1597
f 1597/575/1597 694/566/694 109/568/109 673/577/673
f 696/576/696 1597/575/1597 673/577/673 110/578/110
f 103/484/103 652/483/652 1598/579/1598 697/580/697
f 652/483/652 102/476/102 695/570/695 1598/579/1598
f 1598/579/1598 695/570/695 117/574/117 681/581/681
f 697/580/697 1598/579/1598 681/581/681 118/582/118
f 96/488/96 645/487/645 1599/583/1599 698/584/698
f 645/487/645 95/480/95 696/576/696 1599/583/1599
f 1599/583/1599 696/576/696 110/578/110 674/585/674
f 698/584/698 1599/583/1599 674/585/674 111/586/111
f 104/492/104 653/491/653 1600/587/1600 699/588/699
f 653/491/653 103/484/103 697/580/697 1600/587/1600
f 1600/587/1600 697/580/697 118/582/118 682/589/682
f 699/588/699 1600/587/1600 682/589/682 119/590/119
f 97/496/97 646/495/646 1601/591/1601 686/531/686
f 646/495/646 96/488/96 698/584/698 1601/591/1601
f 1601/591/1601 698/584/698 111/586/111 675/592/675
f 686/531/686 1601/591/1601 675/592/675 112/532/112
f 105/500/105 654/499/654 1602/593/1602 688/537/688
f 654/499/654 104/492/104 699/588/699 1602/593/1602
f 1602/593/1602 699/588/699 119/590/119 683/594/683
f 688/537/688 1602/593/1602 683/594/683 120/538/120
f 117/574/117 680/573/680 1603/595/1603 714/596/714
f 680/573/680 116/597/116 715/598/715 1603/595/1603
f 1603/595/1603 715/598/715 131/599/131 709/600/709
f 714/596/714 1603/595/1603 709/600/709 132/601/132
f 110/578/110 673/577/673 1604/602/1604 716/603/716
f 673/577/673 109/568/109 717/604/717 1604/602/1604
f 1604/602/1604 717/604/717 124/605/124 702/606/702
f 716/603/716 1604/602/1604 702/606/702 125/607/125
f 118/582/118 681/581/681 1605/608/1605 718/609/718
f 681/581/681 117/574/117 714/596/714 1605/608/1605
f 1605/608/1605 714/596/714 132/601/132 710/610/710
f 718/609/718 1605/608/1605 710/610/710 133/611/133
f 111/586/111 674/585/674 1606/612/1606 719/613/719
f 674/585/674 110/578/110 716/603/716 1606/612/1606
f 1606/612/1606 716/603/716 125/607/125 703/614/703
f 719/613/719 1606/612/1606 703/614/703 126/615/126
f 119/590/119 682/589/682 1607/616/1607 720/617/720
f 682/589/682 118/582/118 718/609/718 1607/616/1607
f 1607/616/1607 718/609/718 133/611/133 711/618/711
f 720/617/720 1607/616/1607 711/618/711 134/619/134
f 112/532/112 675/592/675 1608/620/1608 721/621/721
f 675/592/675 111/586/111 719/613/719 1608/620/1608
f 1608/620/1608 719/613/719 126/615/126 704/622/704
f 721/621/721 1608/620/1608 704/622/704 127/623/127
f 120/538/120 683/594/683 1609/624/1609 722/625/722
f 683/594/683 119/590/119 720/617/720 1609/624/1609
f 1609/624/1609 720/617/720 134/619/134 712/626/712
f 722/625/722 1609/624/1609 712/626/712 135/627/135
f 113/534/113 676/533/676 1610/628/1610 723/629/723
f 676/533/676 112/532/112 721/621/721 1610/628/1610
f 1610/628/1610 721/621/721 127/623/127 705/630/705
f 723/629/723 1610/628/1610 705/630/705 128/631/128
f 121/540/121 684/539/684 1611/632/1611 724/633/724
f 684/539/684 120/538/120 722/625/722 1611/632/1611
f 1611/632/1611 722/625/722 135/627/135 713/634/713
f 724/633/724 1611/632/1611 713/634/713 136/635/136
f 114/544/114 677/543/677 1612/636/1612 725/637/725
f 677/543/677 113/534/113 723/629/723 1612/636/1612
f 1612/636/1612 723/629/723 128/631/128 706/638/706
f 725/637/725 1612/636/1612 706/638/706 129/639/129
f 107/548/107 1428/547/1428 1613/640/1613 726/641/726
f 257/35/257 1430/642/1430 1613/640/1613 1428/547/1428
f 122/643/122 726/641/726 1613/640/1613 1430/642/1430
f 1/38/1 1429/550/1429 1614/644/1614 1431/645/1431
f 121/540/121 724/633/724 1614/644/1614 1429/550/1429
f 136/635/136 1431/645/1431 1614/644/1614 724/633/724
f 115/554/115 678/553/678 1615/646/1615 727/647/727
f 678/553/678 114/544/114 725/637/725 1615/646/1615
f 1615/646/1615 725/637/725 129/639/129 707/648/707
f 727/647/727 1615/646/1615 707/648/707 130/649/130
f 108/560/108 671/559/671 1616/650/1616 728/651/728
f 671/559/671 107/558/107 726/652/726 1616/650/1616
f 1616/650/1616 726/652/726 122/653/122 700/654/700
f 728/651/728 1616/650/1616 700/654/700 123/655/123
f 116/564/116 679/563/679 1617/656/1617 715/657/715
f 679/563/679 115/554/115 727/647/727 1617/656/1617
f 1617/656/1617 727/647/727 130/649/130 708/658/708
f 715/657/715 1617/656/1617 708/658/708 131/659/131
f 109/568/109 672/567/672 1618/660/1618 717/604/717
f 672/567/672 108/560/108 728/651/728 1618/660/1618
f 1618/660/1618 728/651/728 123/655/123 701/661/701
f 717/604/717 1618/660/1618 701/661/701 124/605/124
f 136/635/136 713/634/713 1619/662/1619 743/663/743
f 713/634/713 135/627/135 744/664/744 1619/662/1619
f 1619/662/1619 744/664/744 150/665/150 742/666/742
f 743/663/743 1619/662/1619 742/666/742 151/667/151
f 129/639/129 706/638/706 1620/668/1620 745/669/745
f 706/638/706 128/631/128 746/670/746 1620/668/1620
f 1620/668/1620 746/670/746 143/671/143 735/672/735
f 745/673/745 1620/674/1620 735/675/735 144/676/144
f 122/643/122 1430/642/1430 1621/677/1621 747/678/747
f 257/35/257 1432/679/1432 1621/677/1621 1430/642/1430
f 137/680/137 747/678/747 1621/677/1621 1432/679/1432
f 1/38/1 1431/645/1431 1622/681/1622 1433/682/1433
f 136/635/136 743/663/743 1622/681/1622 1431/645/1431
f 151/667/151 1433/682/1433 1622/681/1622 743/663/743
f 130/649/130 707/648/707 1623/683/1623 748/684/748
f 707/648/707 129/639/129 745/669/745 1623/683/1623
f 1623/685/1623 745/673/745 144/676/144 736/686/736
f 748/687/748 1623/685/1623 736/686/736 145/688/145
f 123/655/123 700/654/700 1624/689/1624 749/690/749
f 700/654/700 122/653/122 747/691/747 1624/689/1624
f 1624/689/1624 747/691/747 137/692/137 729/693/729
f 749/690/749 1624/689/1624 729/693/729 138/694/138
f 131/695/131 708/696/708 1625/697/1625 750/698/750
f 708/658/708 130/649/130 748/684/748 1625/699/1625
f 1625/697/1625 748/687/748 145/688/145 737/700/737
f 750/698/750 1625/697/1625 737/700/737 146/701/146
f 124/605/124 701/661/701 1626/702/1626 751/703/751
f 701/661/701 123/655/123 749/690/749 1626/702/1626
f 1626/702/1626 749/690/749 138/694/138 730/704/730
f 751/703/751 1626/702/1626 730/704/730 139/705/139
f 132/601/132 709/600/709 1627/706/1627 752/707/752
f 709/600/709 131/599/131 750/708/750 1627/706/1627
f 1627/709/1627 750/698/750 146/701/146 738/710/738
f 752/707/752 1627/706/1627 738/711/738 147/712/147
f 125/607/125 702/606/702 1628/713/1628 753/714/753
f 702/606/702 124/605/124 751/703/751 1628/713/1628
f 1628/713/1628 751/703/751 139/705/139 731/715/731
f 753/714/753 1628/713/1628 731/715/731 140/716/140
f 133/611/133 710/610/710 1629/717/1629 754/718/754
f 710/610/710 132/601/132 752/707/752 1629/717/1629
f 1629/717/1629 752/707/752 147/712/147 739/719/739
f 754/718/754 1629/717/1629 739/719/739 148/720/148
f 126/615/126 703/614/703 1630/721/1630 755/722/755
f 703/614/703 125/607/125 753/714/753 1630/721/1630
f 1630/721/1630 753/714/753 140/716/140 732/723/732
f 755/722/755 1630/721/1630 732/723/732 141/724/141
f 134/619/134 711/618/711 1631/725/1631 756/726/756
f 711/618/711 133/611/133 754/718/754 1631/725/1631
f 1631/725/1631 754/718/754 148/720/148 740/727/740
f 756/726/756 1631/725/1631 740/727/740 149/728/149
f 127/623/127 704/622/704 1632/729/1632 757/730/757
f 704/622/704 126/615/126 755/722/755 1632/729/1632
f 1632/729/1632 755/722/755 141/724/141 733/731/733
f 757/730/757 1632/729/1632 733/731/733 142/732/142
f 135/627/135 712/626/712 1633/733/1633 744/664/744
f 712/626/712 134/619/134 756/726/756 1633/733/1633
f 1633/733/1633 756/726/756 149/728/149 741/734/741
f 744/664/744 1633/733/1633 741/734/741 150/665/150
f 128/631/128 705/630/705 1634/735/1634 746/670/746
f 705/630/705 127/623/127 757/730/757 1634/735/1634
f 1634/735/1634 757/730/757 142/732/142 734/736/734
f 746/670/746 1634/735/1634 734/736/734 143/671/143
f 140/716/140 731/715/731 1635/737/1635 772/738/772
f 731/715/731 139/705/139 773/739/773 1635/737/1635
f 1635/737/1635 773/739/773 154/740/154 760/741/760
f 772/738/772 1635/737/1635 760/741/760 155/742/155
f 148/720/148 739/719/739 1636/743/1636 774/744/774
f 739/719/739 147/712/147 775/745/775 1636/743/1636
f 1636/743/1636 775/745/775 162/746/162 768/747/768
f 774/744/774 1636/743/1636 768/747/768 163/748/163
f 141/724/141 732/723/732 1637/749/1637 776/750/776
f 732/723/732 140/716/140 772/738/772 1637/749/1637
f 1637/749/1637 772/738/772 155/742/155 761/751/761
f 776/752/776 1637/753/1637 761/754/761 156/755/156
f 149/728/149 740/727/740 1638/756/1638 777/757/777
f 740/727/740 148/720/148 774/744/774 1638/756/1638
f 1638/756/1638 774/744/774 163/748/163 769/758/769
f 777/757/777 1638/756/1638 769/758/769 164/759/164
f 142/732/142 733/731/733 1639/760/1639 778/761/778
f 733/731/733 141/724/141 776/750/776 1639/760/1639
f 1639/762/1639 776/752/776 156/755/156 762/763/762
f 778/764/778 1639/762/1639 762/763/762 157/765/157
f 150/665/150 741/734/741 1640/766/1640 779/767/779
f 741/734/741 149/728/149 777/757/777 1640/766/1640
f 1640/766/1640 777/757/777 164/759/164 770/768/770
f 779/767/779 1640/766/1640 770/768/770 165/769/165
f 143/770/143 734/771/734 1641/772/1641 780/773/780
f 734/771/734 142/774/142 778/764/778 1641/772/1641
f 1641/772/1641 778/764/778 157/765/157 763/775/763
f 780/773/780 1641/772/1641 763/775/763 158/776/158
f 151/667/151 742/666/742 1642/777/1642 781/778/781
f 742/666/742 150/665/150 779/767/779 1642/777/1642
f 1642/777/1642 779/767/779 165/769/165 771/779/771
f 781/778/781 1642/777/1642 771/779/771 166/780/166
f 144/676/144 735/675/735 1643/781/1643 782/782/782
f 735/675/735 143/770/143 780/773/780 1643/781/1643
f 1643/781/1643 780/773/780 158/776/158 764/783/764
f 782/782/782 1643/781/1643 764/783/764 159/784/159
f 137/680/137 1432/679/1432 1644/785/1644 783/786/783
f 257/35/257 1434/787/1434 1644/785/1644 1432/679/1432
f 152/788/152 783/786/783 1644/785/1644 1434/787/1434
f 1/38/1 1433/682/1433 1645/789/1645 1435/790/1435
f 151/667/151 781/778/781 1645/789/1645 1433/682/1433
f 166/780/166 1435/790/1435 1645/789/1645 781/778/781
f 145/688/145 736/686/736 1646/791/1646 784/792/784
f 736/686/736 144/676/144 782/782/782 1646/791/1646
f 1646/791/1646 782/782/782 159/784/159 765/793/765
f 784/792/784 1646/791/1646 765/793/765 160/794/160
f 138/694/138 729/693/729 1647/795/1647 785/796/785
f 729/693/729 137/692/137 783/797/783 1647/795/1647
f 1647/795/1647 783/797/783 152/798/152 758/799/758
f 785/796/785 1647/795/1647 758/799/758 153/800/153
f 146/701/146 737/700/737 1648/801/1648 786/802/786
f 737/700/737 145/688/145 784/792/784 1648/801/1648
f 1648/801/1648 784/792/784 160/794/160 766/803/766
f 786/802/786 1648/801/1648 766/803/766 161/804/161
f 139/705/139 730/704/730 1649/805/1649 773/739/773
f 730/704/730 138/694/138 785/796/785 1649/805/1649
f 1649/805/1649 785/796/785 153/800/153 759/806/759
f 773/739/773 1649/805/1649 759/806/759 154/740/154
f 147/807/147 738/710/738 1650/808/1650 775/809/775
f 738/710/738 146/701/146 786/802/786 1650/808/1650
f 1650/808/1650 786/802/786 161/804/161 767/810/767
f 775/809/775 1650/808/1650 767/810/767 162/811/162
f 159/784/159 764/783/764 1651/812/1651 801/813/801
f 764/783/764 158/776/158 802/814/802 1651/812/1651
f 1651/812/1651 802/814/802 173/815/173 793/816/793
f 801/813/801 1651/812/1651 793/816/793 174/817/174
f 152/788/152 1434/787/1434 1652/818/1652 803/819/803
f 257/35/257 1436/820/1436 1652/818/1652 1434/787/1434
f 167/821/167 803/819/803 1652/818/1652 1436/820/1436
f 1/38/1 1435/790/1435 1653/822/1653 1437/823/1437
f 166/780/166 804/824/804 1653/822/1653 1435/790/1435
f 181/825/181 1437/823/1437 1653/822/1653 804/824/804
f 160/794/160 765/793/765 1654/826/1654 805/827/805
f 765/793/765 159/784/159 801/813/801 1654/826/1654
f 1654/826/1654 801/813/801 174/817/174 794/828/794
f 805/827/805 1654/826/1654 794/828/794 175/829/175
f 153/800/153 758/799/758 1655/830/1655 806/831/806
f 758/799/758 152/798/152 803/832/803 1655/830/1655
f 1655/833/1655 803/819/803 167/821/167 787/834/787
f 806/831/806 1655/830/1655 787/835/787 168/836/168
f 161/804/161 766/803/766 1656/837/1656 807/838/807
f 766/803/766 160/794/160 805/827/805 1656/837/1656
f 1656/837/1656 805/827/805 175/829/175 795/839/795
f 807/838/807 1656/837/1656 795/839/795 176/840/176
f 154/740/154 759/806/759 1657/841/1657 808/842/808
f 759/806/759 153/800/153 806/831/806 1657/841/1657
f 1657/841/1657 806/831/806 168/836/168 788/843/788
f 808/842/808 1657/841/1657 788/843/788 169/844/169
f 162/811/162 767/810/767 1658/845/1658 809/846/809
f 767/810/767 161/804/161 807/838/807 1658/845/1658
f 1658/845/1658 807/838/807 176/840/176 796/847/796
f 809/846/809 1658/845/1658 796/847/796 177/848/177
f 155/849/155 760/850/760 1659/851/1659 810/852/810
f 760/741/760 154/740/154 808/842/808 1659/853/1659
f 1659/851/1659 808/854/808 169/855/169 789/856/789
f 810/852/810 1659/851/1659 789/856/789 170/857/170
f 163/748/163 768/747/768 1660/858/1660 811/859/811
f 768/860/768 162/811/162 809/846/809 1660/861/1660
f 1660/861/1660 809/846/809 177/848/177 797/862/797
f 811/859/811 1660/858/1660 797/863/797 178/864/178
f 156/755/156 761/754/761 1661/865/1661 812/866/812
f 761/754/761 155/849/155 810/852/810 1661/865/1661
f 1661/865/1661 810/852/810 170/857/170 790/867/790
f 812/866/812 1661/865/1661 790/867/790 171/868/171
f 164/759/164 769/758/769 1662/869/1662 813/870/813
f 769/758/769 163/748/163 811/859/811 1662/869/1662
f 1662/869/1662 811/859/811 178/864/178 798/871/798
f 813/870/813 1662/869/1662 798/871/798 179/872/179
f 157/765/157 762/763/762 1663/873/1663 814/874/814
f 762/763/762 156/755/156 812/866/812 1663/873/1663
f 1663/873/1663 812/866/812 171/868/171 791/875/791
f 814/874/814 1663/873/1663 791/875/791 172/876/172
f 165/769/165 770/768/770 1664/877/1664 815/878/815
f 770/768/770 164/759/164 813/870/813 1664/877/1664
f 1664/877/1664 813/870/813 179/872/179 799/879/799
f 815/878/815 1664/877/1664 799/879/799 180/880/180
f 158/776/158 763/775/763 1665/881/1665 802/814/802
f 763/775/763 157/765/157 814/874/814 1665/881/1665
f 1665/881/1665 814/874/814 172/876/172 792/882/792
f 802/814/802 1665/881/1665 792/882/792 173/815/173
f 166/780/166 771/779/771 1666/883/1666 804/824/804
f 771/779/771 165/769/165 815/878/815 1666/883/1666
f 1666/883/1666 815/878/815 180/880/180 800/884/800
f 804/824/804 1666/883/1666 800/884/800 181/825/181
f 178/885/178 797/862/797 1667/886/1667 830/887/830
f 797/862/797 177/848/177 831/888/831 1667/886/1667
f 1667/886/1667 831/888/831 192/889/192 826/890/826
f 830/887/830 1667/886/1667 826/890/826 193/891/193
f 171/868/171 790/867/790 1668/892/1668 832/893/832
f 790/867/790 170/857/170 833/894/833 1668/892/1668
f 1668/892/1668 833/894/833 185/895/185 819/896/819
f 832/893/832 1668/892/1668 819/896/819 186/897/186
f 179/872/179 798/871/798 1669/898/1669 834/899/834
f 798/871/798 178/864/178 830/900/830 1669/898/1669
f 1669/898/1669 830/900/830 193/901/193 827/902/827
f 834/899/834 1669/898/1669 827/902/827 194/903/194
f 172/876/172 791/875/791 1670/904/1670 835/905/835
f 791/875/791 171/868/171 832/893/832 1670/904/1670
f 1670/904/1670 832/893/832 186/897/186 820/906/820
f 835/905/835 1670/904/1670 820/906/820 187/907/187
f 180/880/180 799/879/799 1671/908/1671 836/909/836
f 799/879/799 179/872/179 834/899/834 1671/908/1671
f 1671/908/1671 834/899/834 194/903/194 828/910/828
f 836/909/836 1671/908/1671 828/910/828 195/911/195
f 173/815/173 792/882/792 1672/912/1672 837/913/837
f 792/882/792 172/876/172 835/905/835 1672/912/1672
f 1672/912/1672 835/905/835 187/907/187 821/914/821
f 837/913/837 1672/912/1672 821/914/821 188/915/188
f 181/825/181 800/884/800 1673/916/1673 838/917/838
f 800/884/800 180/880/180 836/909/836 1673/916/1673
f 1673/916/1673 836/909/836 195/911/195 829/918/829
f 838/917/838 1673/916/1673 829/918/829 196/919/196
f 174/817/174 793/816/793 1674/920/1674 839/921/839
f 793/816/793 173/815/173 837/913/837 1674/920/1674
f 1674/920/1674 837/913/837 188/915/188 822/922/822
f 839/921/839 1674/920/1674 822/922/822 189/923/189
f 167/821/167 1436/820/1436 1675/924/1675 840/925/840
f 257/35/257 1438/926/1438 1675/924/1675 1436/820/1436
f 182/927/182 840/925/840 1675/924/1675 1438/926/1438
f 1/38/1 1437/823/1437 1676/928/1676 1439/929/1439
f 181/825/181 838/917/838 1676/928/1676 1437/823/1437
f 196/919/196 1439/929/1439 1676/928/1676 838/917/838
f 175/829/175 794/828/794 1677/930/1677 841/931/841
f 794/828/794 174/817/174 839/921/839 1677/930/1677
f 1677/930/1677 839/921/839 189/923/189 823/932/823
f 841/931/841 1677/930/1677 823/932/823 190/933/190
f 168/836/168 787/835/787 1678/934/1678 842/935/842
f 787/834/787 167/821/167 840/925/840 1678/936/1678
f 1678/936/1678 840/925/840 182/927/182 816/937/816
f 842/935/842 1678/934/1678 816/938/816 183/939/183
f 176/840/176 795/839/795 1679/940/1679 843/941/843
f 795/839/795 175/829/175 841/931/841 1679/940/1679
f 1679/940/1679 841/931/841 190/933/190 824/942/824
f 843/941/843 1679/940/1679 824/942/824 191/943/191
f 169/855/169 788/944/788 1680/945/1680 844/946/844
f 788/843/788 168/836/168 842/935/842 1680/947/1680
f 1680/945/1680 842/948/842 183/949/183 817/950/817
f 844/946/844 1680/945/1680 817/950/817 184/951/184
f 177/848/177 796/847/796 1681/952/1681 831/888/831
f 796/847/796 176/840/176 843/941/843 1681/952/1681
f 1681/952/1681 843/941/843 191/943/191 825/953/825
f 831/888/831 1681/952/1681 825/953/825 192/889/192
f 170/857/170 789/856/789 1682/954/1682 833/894/833
f 789/856/789 169/855/169 844/946/844 1682/954/1682
f 1682/954/1682 844/946/844 184/951/184 818/955/818
f 833/894/833 1682/954/1682 818/955/818 185/895/185
f 1/38/1 1439/929/1439 1683/956/1683 1441/957/1441
f 196/919/196 859/958/859 1683/956/1683 1439/929/1439
f 211/959/211 1441/957/1441 1683/956/1683 859/958/859
f 190/933/190 823/932/823 1684/960/1684 860/961/860
f 823/932/823 189/923/189 861/962/861 1684/960/1684
f 1684/960/1684 861/962/861 204/963/204 852/964/852
f 860/961/860 1684/960/1684 852/964/852 205/965/205
f 183/966/183 816/937/816 1685/967/1685 862/968/862
f 816/937/816 182/927/182 863/969/863 1685/967/1685
f 1685/967/1685 863/969/863 197/970/197 845/971/845
f 862/968/862 1685/967/1685 845/971/845 198/972/198
f 191/943/191 824/942/824 1686/973/1686 864/974/864
f 824/942/824 190/933/190 860/961/860 1686/973/1686
f 1686/973/1686 860/961/860 205/965/205 853/975/853
f 864/974/864 1686/973/1686 853/975/853 206/976/206
f 184/951/184 817/950/817 1687/977/1687 865/978/865
f 817/950/817 183/949/183 862/979/862 1687/977/1687
f 1687/977/1687 862/979/862 198/980/198 846/981/846
f 865/978/865 1687/977/1687 846/981/846 199/982/199
f 192/889/192 825/953/825 1688/983/1688 866/984/866
f 825/953/825 191/943/191 864/974/864 1688/983/1688
f 1688/983/1688 864/974/864 206/976/206 854/985/854
f 866/984/866 1688/983/1688 854/985/854 207/986/207
f 185/895/185 818/955/818 1689/987/1689 867/988/867
f 818/955/818 184/951/184 865/978/865 1689/987/1689
f 1689/987/1689 865/978/865 199/982/199 847/989/847
f 867/988/867 1689/987/1689 847/989/847 200/990/200
f 193/891/193 826/890/826 1690/991/1690 868/992/868
f 826/890/826 192/889/192 866/984/866 1690/991/1690
f 1690/991/1690 866/984/866 207/986/207 855/993/855
f 868/992/868 1690/991/1690 855/993/855 208/994/208
f 186/897/186 819/896/819 1691/995/1691 869/996/869
f 819/896/819 185/895/185 867/988/867 1691/995/1691
f 1691/995/1691 867/988/867 200/990/200 848/997/848
f 869/996/869 1691/995/1691 848/997/848 201/998/201
f 194/903/194 827/902/827 1692/999/1692 870/1000/870
f 827/902/827 193/901/193 868/1001/868 1692/999/1692
f 1692/1002/1692 868/992/868 208/994/208 856/1003/856
f 870/1000/870 1692/999/1692 856/1004/856 209/1005/209
f 187/907/187 820/906/820 1693/1006/1693 871/1007/871
f 820/906/820 186/897/186 869/996/869 1693/1006/1693
f 1693/1006/1693 869/996/869 201/998/201 849/1008/849
f 871/1007/871 1693/1006/1693 849/1008/849 202/1009/202
f 195/911/195 828/910/828 1694/1010/1694 872/1011/872
f 828/910/828 194/903/194 870/1000/870 1694/1010/1694
f 1694/1010/1694 870/1000/870 209/1005/209 857/1012/857
f 872/1011/872 1694/1010/1694 857/1012/857 210/1013/210
f 188/915/188 821/914/821 1695/1014/1695 873/1015/873
f 821/914/821 187/907/187 871/1007/871 1695/1014/1695
f 1695/1014/1695 871/1007/871 202/1009/202 850/1016/850
f 873/1015/873 1695/1014/1695 850/1016/850 203/1017/203
f 196/919/196 829/918/829 1696/1018/1696 859/958/859
f 829/918/829 195/911/195 872/1011/872 1696/1018/1696
f 1696/1018/1696 872/1011/872 210/1013/210 858/1019/858
f 859/958/859 1696/1018/1696 858/1019/858 211/959/211
f 189/923/189 822/922/822 1697/1020/1697 861/962/861
f 822/922/822 188/915/188 873/1015/873 1697/1020/1697
f 1697/1020/1697 873/1015/873 203/1017/203 851/1021/851
f 861/962/861 1697/1020/1697 851/1021/851 204/963/204
f 182/927/182 1438/926/1438 1698/1022/1698 863/969/863
f 257/35/257 1440/1023/1440 1698/1022/1698 1438/926/1438
f 197/970/197 863/969/863 1698/1022/1698 1440/1023/1440
f 209/1005/209 856/1004/856 1699/1024/1699 888/1025/888
f 856/1003/856 208/994/208 889/1026/889 1699/1027/1699
f 1699/1027/1699 889/1026/889 223/1028/223 885/1029/885
f 888/1025/888 1699/1024/1699 885/1030/885 224/1031/224
f 202/1009/202 849/1008/849 1700/1032/1700 890/1033/890
f 849/1008/849 201/998/201 891/1034/891 1700/1032/1700
f 1700/1032/1700 891/1034/891 216/1035/216 878/1036/878
f 890/1033/890 1700/1032/1700 878/1036/878 217/1037/217
f 210/1013/210 857/1012/857 1701/1038/1701 892/1039/892
f 857/1012/857 209/1005/209 888/1025/888 1701/1038/1701
f 1701/1038/1701 888/1025/888 224/1031/224 886/1040/886
f 892/1039/892 1701/1038/1701 886/1040/886 225/1041/225
f 203/1017/203 850/1016/850 1702/1042/1702 893/1043/893
f 850/1016/850 202/1009/202 890/1033/890 1702/1042/1702
f 1702/1042/1702 890/1033/890 217/1037/217 879/1044/879
f 893/1043/893 1702/1042/1702 879/1044/879 218/1045/218
f 211/959/211 858/1019/858 1703/1046/1703 894/1047/894
f 858/1019/858 210/1013/210 892/1039/892 1703/1046/1703
f 1703/1046/1703 892/1039/892 225/1041/225 887/1048/887
f 894/1047/894 1703/1046/1703 887/1048/887 226/1049/226
f 204/963/204 851/1021/851 1704/1050/1704 895/1051/895
f 851/1021/851 203/1017/203 893/1043/893 1704/1050/1704
f 1704/1050/1704 893/1043/893 218/1045/218 880/1052/880
f 895/1051/895 1704/1050/1704 880/1052/880 219/1053/219
f 197/970/197 1440/1023/1440 1705/1054/1705 896/1055/896
f 257/35/257 1442/1056/1442 1705/1054/1705 1440/1023/1440
f 212/1057/212 896/1055/896 1705/1054/1705 1442/1056/1442
f 1/38/1 1441/957/1441 1706/1058/1706 1443/1059/1443
f 211/959/211 894/1047/894 1706/1058/1706 1441/957/1441
f 226/1049/226 1443/1059/1443 1706/1058/1706 894/1047/894
f 205/965/205 852/964/852 1707/1060/1707 897/1061/897
f 852/964/852 204/963/204 895/1051/895 1707/1060/1707
f 1707/1060/1707 895/1051/895 219/1053/219 881/1062/881
f 897/1061/897 1707/1060/1707 881/1062/881 220/1063/220
f 198/972/198 845/971/845 1708/1064/1708 898/1065/898
f 845/971/845 197/970/197 896/1055/896 1708/1064/1708
f 1708/1064/1708 896/1055/896 212/1057/212 874/1066/874
f 898/1065/898 1708/1064/1708 874/1066/874 213/1067/213
f 206/976/206 853/975/853 1709/1068/1709 899/1069/899
f 853/975/853 205/965/205 897/1061/897 1709/1068/1709
f 1709/1068/1709 897/1061/897 220/1063/220 882/1070/882
f 899/1069/899 1709/1068/1709 882/1070/882 221/1071/221
f 199/982/199 846/981/846 1710/1072/1710 900/1073/900
f 846/981/846 198/980/198 898/1074/898 1710/1072/1710
f 1710/1072/1710 898/1074/898 213/1075/213 875/1076/875
f 900/1073/900 1710/1072/1710 875/1076/875 214/1077/214
f 207/986/207 854/985/854 1711/1078/1711 901/1079/901
f 854/985/854 206/976/206 899/1069/899 1711/1078/1711
f 1711/1078/1711 899/1069/899 221/1071/221 883/1080/883
f 901/1079/901 1711/1078/1711 883/1080/883 222/1081/222
f 200/990/200 847/989/847 1712/1082/1712 902/1083/902
f 847/989/847 199/982/199 900/1073/900 1712/1082/1712
f 1712/1082/1712 900/1073/900 214/1077/214 876/1084/876
f 902/1083/902 1712/1082/1712 876/1084/876 215/1085/215
f 208/994/208 855/993/855 1713/1086/1713 889/1026/889
f 855/993/855 207/986/207 901/1079/901 1713/1086/1713
f 1713/1086/1713 901/1079/901 222/1081/222 884/1087/884
f 889/1026/889 1713/1086/1713 884/1087/884 223/1028/223
f 201/998/201 848/997/848 1714/1088/1714 891/1034/891
f 848/997/848 200/990/200 902/1083/902 1714/1088/1714
f 1714/1088/1714 902/1083/902 215/1085/215 877/1089/877
f 891/1034/891 1714/1088/1714 877/1089/877 216/1035/216
f 213/1067/213 874/1066/874 1715/1090/1715 917/1091/917
f 874/1066/874 212/1057/212 918/1092/918 1715/1090/1715
f 1715/1090/1715 918/1092/918 227/1093/227 903/1094/903
f 917/1091/917 1715/1090/1715 903/1094/903 228/1095/228
f 221/1071/221 882/1070/882 1716/1096/1716 919/1097/919
f 882/1070/882 220/1063/220 920/1098/920 1716/1096/1716
f 1716/1096/1716 920/1098/920 235/1099/235 911/1100/911
f 919/1097/919 1716/1096/1716 911/1100/911 236/1101/236
f 214/1077/214 875/1076/875 1717/1102/1717 921/1103/921
f 875/1076/875 213/1075/213 917/1104/917 1717/1102/1717
f 1717/1102/1717 917/1104/917 228/1105/228 904/1106/904
f 921/1103/921 1717/1102/1717 904/1106/904 229/1107/229
f 222/1081/222 883/1080/883 1718/1108/1718 922/1109/922
f 883/1080/883 221/1071/221 919/1097/919 1718/1108/1718
f 1718/1108/1718 919/1097/919 236/1101/236 912/1110/912
f 922/1109/922 1718/1108/1718 912/1110/912 237/1111/237
f 215/1085/215 876/1084/876 1719/1112/1719 923/1113/923
f 876/1084/876 214/1077/214 921/1103/921 1719/1112/1719
f 1719/1112/1719 921/1103/921 229/1107/229 905/1114/905
f 923/1113/923 1719/1112/1719 905/1114/905 230/1115/230
f 223/1028/223 884/1087/884 1720/1116/1720 924/1117/924
f 884/1087/884 222/1081/222 922/1109/922 1720/1116/1720
f 1720/1116/1720 922/1109/922 237/1111/237 913/1118/913
f 924/1117/924 1720/1116/1720 913/1118/913 238/1119/238
f 216/1035/216 877/1089/877 1721/1120/1721 925/1121/925
f 877/1089/877 215/1085/215 923/1113/923 1721/1120/1721
f 1721/1120/1721 923/1113/923 230/1115/230 906/1122/906
f 925/1121/925 1721/1120/1721 906/1122/906 231/1123/231
f 224/1031/224 885/1030/885 1722/1124/1722 926/1125/926
f 885/1029/885 223/1028/223 924/1117/924 1722/1126/1722
f 1722/1126/1722 924/1117/924 238/1119/238 914/1127/914
f 926/1125/926 1722/1124/1722 914/1128/914 239/1129/239
f 217/1037/217 878/1036/878 1723/1130/1723 927/1131/927
f 878/1036/878 216/1035/216 925/1121/925 1723/1130/1723
f 1723/1130/1723 925/1121/925 231/1123/231 907/1132/907
f 927/1131/927 1723/1130/1723 907/1132/907 232/1133/232
f 225/1041/225 886/1040/886 1724/1134/1724 928/1135/928
f 886/1040/886 224/1031/224 926/1125/926 1724/1134/1724
f 1724/1134/1724 926/1125/926 239/1129/239 915/1136/915
f 928/1135/928 1724/1134/1724 915/1136/915 240/1137/240
f 218/1045/218 879/1044/879 1725/1138/1725 929/1139/929
f 879/1044/879 217/1037/217 927/1131/927 1725/1138/1725
f 1725/1138/1725 927/1131/927 232/1133/232 908/1140/908
f 929/1139/929 1725/1138/1725 908/1140/908 233/1141/233
f 226/1049/226 887/1048/887 1726/1142/1726 930/1143/930
f 887/1048/887 225/1041/225 928/1135/928 1726/1142/1726
f 1726/1142/1726 928/1135/928 240/1137/240 916/1144/916
f 930/1143/930 1726/1142/1726 916/1144/916 241/1145/241
f 219/1053/219 880/1052/880 1727/1146/1727 931/1147/931
f 880/1052/880 218/1045/218 929/1139/929 1727/1146/1727
f 1727/1146/1727 929/1139/929 233/1141/233 909/1148/909
f 931/1147/931 1727/1146/1727 909/1148/909 234/1149/234
f 212/1057/212 1442/1056/1442 1728/1150/1728 918/1092/918
f 257/35/257 1444/1151/1444 1728/1150/1728 1442/1056/1442
f 227/1093/227 918/1092/918 1728/1150/1728 1444/1151/1444
f 1/38/1 1443/1059/1443 1729/1152/1729 1445/1153/1445
f 226/1049/226 930/1143/930 1729/1152/1729 1443/1059/1443
f 241/1145/241 1445/1153/1445 1729/1152/1729 930/1143/930
f 220/1063/220 881/1062/881 1730/1154/1730 920/1098/920
f 881/1062/881 219/1053/219 931/1147/931 1730/1154/1730
f 1730/1154/1730 931/1147/931 234/1149/234 910/1155/910
f 920/1098/920 1730/1154/1730 910/1155/910 235/1099/235
f 232/1133/232 907/1132/907 1731/1156/1731 946/1157/946
f 907/1132/907 231/1123/231 947/1158/947 1731/1156/1731
f 1731/1156/1731 947/1158/947 246/1159/246 936/1160/936
f 946/1157/946 1731/1156/1731 936/1160/936 247/1161/247
f 240/1137/240 915/1136/915 1732/1162/1732 948/1163/948
f 915/1136/915 239/1129/239 949/1164/949 1732/1162/1732
f 1732/1162/1732 949/1164/949 254/1165/254 944/1166/944
f 948/1163/948 1732/1162/1732 944/1166/944 255/1167/255
f 233/1141/233 908/1140/908 1733/1168/1733 950/1169/950
f 908/1140/908 232/1133/232 946/1157/946 1733/1168/1733
f 1733/1168/1733 946/1157/946 247/1161/247 937/1170/937
f 950/1169/950 1733/1168/1733 937/1170/937 248/1171/248
f 241/1145/241 916/1144/916 1734/1172/1734 951/1173/951
f 916/1144/916 240/1137/240 948/1163/948 1734/1172/1734
f 1734/1172/1734 948/1163/948 255/1167/255 945/1174/945
f 951/1173/951 1734/1172/1734 945/1174/945 256/1175/256
f 234/1149/234 909/1148/909 1735/1176/1735 952/1177/952
f 909/1148/909 233/1141/233 950/1169/950 1735/1176/1735
f 1735/1176/1735 950/1169/950 248/1171/248 938/1178/938
f 952/1177/952 1735/1176/1735 938/1178/938 249/1179/249
f 227/1093/227 1444/1151/1444 1736/1180/1736 953/1181/953
f 257/35/257 1446/1182/1446 1736/1180/1736 1444/1151/1444
f 242/1183/242 953/1181/953 1736/1180/1736 1446/1182/1446
f 1/38/1 1445/1153/1445 1737/1184/1737 1447/1185/1447
f 241/1145/241 951/1173/951 1737/1184/1737 1445/1153/1445
f 256/1175/256 1447/1185/1447 1737/1184/1737 951/1173/951
f 235/1099/235 910/1155/910 1738/1186/1738 954/1187/954
f 910/1155/910 234/1149/234 952/1177/952 1738/1186/1738
f 1738/1186/1738 952/1177/952 249/1179/249 939/1188/939
f 954/1187/954 1738/1186/1738 939/1188/939 250/1189/250
f 228/1095/228 903/1094/903 1739/1190/1739 955/1191/955
f 903/1094/903 227/1093/227 953/1181/953 1739/1190/1739
f 1739/1190/1739 953/1181/953 242/1183/242 932/1192/932
f 955/1191/955 1739/1190/1739 932/1192/932 243/1193/243
f 236/1101/236 911/1100/911 1740/1194/1740 956/1195/956
f 911/1100/911 235/1099/235 954/1187/954 1740/1194/1740
f 1740/1194/1740 954/1187/954 250/1189/250 940/1196/940
f 956/1195/956 1740/1194/1740 940/1196/940 251/1197/251
f 229/1107/229 904/1106/904 1741/1198/1741 957/1199/957
f 904/1200/904 228/1095/228 955/1191/955 1741/1201/1741
f 1741/1201/1741 955/1191/955 243/1193/243 933/1202/933
f 957/1199/957 1741/1198/1741 933/1203/933 244/1204/244
f 237/1111/237 912/1110/912 1742/1205/1742 958/1206/958
f 912/1110/912 236/1101/236 956/1195/956 1742/1205/1742
f 1742/1205/1742 956/1195/956 251/1197/251 941/1207/941
f 958/1206/958 1742/1205/1742 941/1207/941 252/1208/252
f 230/1115/230 905/1114/905 1743/1209/1743 959/1210/959
f 905/1114/905 229/1107/229 957/1199/957 1743/1209/1743
f 1743/1209/1743 957/1199/957 244/1204/244 934/1211/934
f 959/1210/959 1743/1209/1743 934/1211/934 245/1212/245
f 238/1119/238 913/1118/913 1744/1213/1744 960/1214/960
f 913/1118/913 237/1111/237 958/1206/958 1744/1213/1744
f 1744/1213/1744 958/1206/958 252/1208/252 942/1215/942
f 960/1214/960 1744/1213/1744 942/1215/942 253/1216/253
f 231/1123/231 906/1122/906 1745/1217/1745 947/1158/947
f 906/1122/906 230/1115/230 959/1210/959 1745/1217/1745
f 1745/1217/1745 959/1210/959 245/1212/245 935/1218/935
f 947/1158/947 1745/1217/1745 935/1218/935 246/1159/246
f 239/1129/239 914/1128/914 1746/1219/1746 949/1164/949
f 914/1127/914 238/1119/238 960/1214/960 1746/1220/1746
f 1746/1220/1746 960/1214/960 253/1216/253 943/1221/943
f 949/1164/949 1746/1219/1746 943/1222/943 254/1165/254
f 251/1197/251 940/1196/940 1747/1223/1747 976/1224/976
f 940/1196/940 250/1189/250 977/1225/977 1747/1223/1747
f 1747/1223/1747 977/1225/977 266/1226/266 970/1227/970
f 976/1224/976 1747/1223/1747 970/1227/970 267/1228/267
f 244/1204/244 933/1203/933 1748/1229/1748 978/1230/978
f 933/1202/933 243/1193/243 979/1231/979 1748/1232/1748
f 1748/1232/1748 979/1231/979 259/1233/259 963/1234/963
f 978/1235/978 1748/1232/1748 963/1234/963 260/1236/260
f 252/1208/252 941/1207/941 1749/1237/1749 980/1238/980
f 941/1207/941 251/1197/251 976/1224/976 1749/1237/1749
f 1749/1237/1749 976/1224/976 267/1228/267 971/1239/971
f 980/1238/980 1749/1237/1749 971/1239/971 268/1240/268
f 245/1212/245 934/1211/934 1750/1241/1750 981/1242/981
f 934/1211/934 244/1204/244 978/1230/978 1750/1241/1750
f 1750/1241/1750 978/1230/978 260/1243/260 964/1244/964
f 981/1242/981 1750/1241/1750 964/1244/964 261/1245/261
f 253/1216/253 942/1215/942 1751/1246/1751 982/1247/982
f 942/1215/942 252/1208/252 980/1238/980 1751/1246/1751
f 1751/1246/1751 980/1238/980 268/1240/268 972/1248/972
f 982/1247/982 1751/1246/1751 972/1248/972 269/1249/269
f 246/1159/246 935/1218/935 1752/1250/1752 983/1251/983
f 935/1218/935 245/1212/245 981/1242/981 1752/1250/1752
f 1752/1250/1752 981/1242/981 261/1245/261 965/1252/965
f 983/1251/983 1752/1250/1752 965/1252/965 262/1253/262
f 254/1165/254 943/1222/943 1753/1254/1753 984/1255/984
f 943/1222/943 253/1256/253 982/1257/982 1753/1254/1753
f 1753/1254/1753 982/1257/982 269/1258/269 973/1259/973
f 984/1255/984 1753/1254/1753 973/1259/973 270/1260/270
f 247/1161/247 936/1160/936 1754/1261/1754 985/1262/985
f 936/1160/936 246/1159/246 983/1251/983 1754/1261/1754
f 1754/1261/1754 983/1251/983 262/1253/262 966/1263/966
f 985/1262/985 1754/1261/1754 966/1263/966 263/1264/263
f 255/1167/255 944/1166/944 1755/1265/1755 986/1266/986
f 944/1166/944 254/1165/254 984/1255/984 1755/1265/1755
f 1755/1265/1755 984/1255/984 270/1260/270 974/1267/974
f 986/1266/986 1755/1265/1755 974/1267/974 271/1268/271
f 248/1171/248 937/1170/937 1756/1269/1756 987/1270/987
f 937/1170/937 247/1161/247 985/1262/985 1756/1269/1756
f 1756/1269/1756 985/1262/985 263/1264/263 967/1271/967
f 987/1270/987 1756/1269/1756 967/1271/967 264/1272/264
f 256/1175/256 945/1174/945 1757/1273/1757 988/1274/988
f 945/1174/945 255/1167/255 986/1266/986 1757/1273/1757
f 1757/1273/1757 986/1266/986 271/1268/271 975/1275/975
f 988/1274/988 1757/1273/1757 975/1275/975 272/1276/272
f 249/1179/249 938/1178/938 1758/1277/1758 989/1278/989
f 938/1178/938 248/1171/248 987/1270/987 1758/1277/1758
f 1758/1277/1758 987/1270/987 264/1272/264 968/1279/968
f 989/1278/989 1758/1277/1758 968/1279/968 265/1280/265
f 242/1183/242 1446/1182/1446 1759/1281/1759 990/1282/990
f 257/35/257 961/1283/961 1759/1281/1759 1446/1182/1446
f 258/1284/258 990/1282/990 1759/1281/1759 961/1283/961
f 1/38/1 1447/1185/1447 1760/1285/1760 1448/1286/1448
f 256/1175/256 988/1274/988 1760/1285/1760 1447/1185/1447
f 272/1276/272 1448/1286/1448 1760/1285/1760 988/1274/988
f 250/1189/250 939/1188/939 1761/1287/1761 977/1225/977
f 939/1188/939 249/1179/249 989/1278/989 1761/1287/1761
f 1761/1287/1761 989/1278/989 265/1280/265 969/1288/969
f 977/1225/977 1761/1287/1761 969/1288/969 266/1226/266
f 243/1193/243 932/1192/932 1762/1289/1762 979/1231/979
f 932/1192/932 242/1183/242 990/1282/990 1762/1289/1762
f 1762/1289/1762 990/1282/990 258/1284/258 962/1290/962
f 979/1231/979 1762/1289/1762 962/1290/962 259/1233/259
f 271/1268/271 974/1267/974 1763/1291/1763 1005/1292/1005
f 974/1267/974 270/1260/270 1006/1293/1006 1763/1291/1763
f 1763/1291/1763 1006/1293/1006 285/1294/285 1003/1295/1003
f 1005/1292/1005 1763/1291/1763 1003/1295/1003 286/1296/286
f 264/1272/264 967/1271/967 1764/1297/1764 1007/1298/1007
f 967/1271/967 263/1264/263 1008/1299/1008 1764/1297/1764
f 1764/1300/1764 1008/1301/1008 278/1302/278 996/1303/996
f 1007/1304/1007 1764/1300/1764 996/1303/996 279/1305/279
f 272/1276/272 975/1275/975 1765/1306/1765 1009/1307/1009
f 975/1275/975 271/1268/271 1005/1292/1005 1765/1306/1765
f 1765/1306/1765 1005/1292/1005 286/1296/286 1004/1308/1004
f 1009/1307/1009 1765/1306/1765 1004/1308/1004 287/1309/287
f 265/1280/265 968/1279/968 1766/1310/1766 1010/1311/1010
f 968/1279/968 264/1272/264 1007/1298/1007 1766/1310/1766
f 1766/1312/1766 1007/1304/1007 279/1305/279 997/1313/997
f 1010/1314/1010 1766/1312/1766 997/1313/997 280/1315/280
f 258/1284/258 961/1283/961 1767/1316/1767 1011/1317/1011
f 257/35/257 1449/1318/1449 1767/1316/1767 961/1283/961
f 273/1319/273 1011/1317/1011 1767/1316/1767 1449/1318/1449
f 1/38/1 1448/1286/1448 1768/1320/1768 1450/1321/1450
f 272/1276/272 1009/1307/1009 1768/1320/1768 1448/1286/1448
f 287/1309/287 1450/1321/1450 1768/1320/1768 1009/1307/1009
f 266/1322/266 969/1323/969 1769/1324/1769 1012/1325/1012
f 969/1323/969 265/1326/265 1010/1314/1010 1769/1324/1769
f 1769/1324/1769 1010/1314/1010 280/1315/280 998/1327/998
f 1012/1325/1012 1769/1324/1769 998/1327/998 281/1328/281
f 259/1233/259 962/1290/962 1770/1329/1770 1013/1330/1013
f 962/1290/962 258/1284/258 1011/1317/1011 1770/1329/1770
f 1770/1329/1770 1011/1317/1011 273/1319/273 991/1331/991
f 1013/1330/1013 1770/1329/1770 991/1331/991 274/1332/274
f 267/1333/267 970/1334/970 1771/1335/1771 1014/1336/1014
f 970/1334/970 266/1322/266 1012/1325/1012 1771/1335/1771
f 1771/1335/1771 1012/1325/1012 281/1328/281 999/1337/999
f 1014/1336/1014 1771/1335/1771 999/1337/999 282/1338/282
f 260/1236/260 963/1234/963 1772/1339/1772 1015/1340/1015
f 963/1234/963 259/1233/259 1013/1330/1013 1772/1339/1772
f 1772/1339/1772 1013/1330/1013 274/1332/274 992/1341/992
f 1015/1340/1015 1772/1339/1772 992/1341/992 275/1342/275
f 268/1343/268 971/1344/971 1773/1345/1773 1016/1346/1016
f 971/1344/971 267/1333/267 1014/1336/1014 1773/1345/1773
f 1773/1345/1773 1014/1336/1014 282/1338/282 1000/1347/1000
f 1016/1346/1016 1773/1345/1773 1000/1347/1000 283/1348/283
f 261/1245/261 964/1244/964 1774/1349/1774 1017/1350/1017
f 964/1351/964 260/1236/260 1015/1340/1015 1774/1352/1774
f 1774/1352/1774 1015/1340/1015 275/1342/275 993/1353/993
f 1017/1354/1017 1774/1355/1774 993/1356/993 276/1357/276
f 269/1358/269 972/1359/972 1775/1360/1775 1018/1361/1018
f 972/1359/972 268/1343/268 1016/1346/1016 1775/1360/1775
f 1775/1360/1775 1016/1346/1016 283/1348/283 1001/1362/1001
f 1018/1361/1018 1775/1360/1775 1001/1362/1001 284/1363/284
f 262/1253/262 965/1252/965 1776/1364/1776 1019/1365/1019
f 965/1252/965 261/1245/261 1017/1350/1017 1776/1364/1776
f 1776/1366/1776 1017/1354/1017 276/1357/276 994/1367/994
f 1019/1368/1019 1776/1366/1776 994/1367/994 277/1369/277
f 270/1260/270 973/1259/973 1777/1370/1777 1006/1293/1006
f 973/1259/973 269/1258/269 1018/1371/1018 1777/1370/1777
f 1777/1372/1777 1018/1361/1018 284/1363/284 1002/1373/1002
f 1006/1293/1006 1777/1370/1777 1002/1374/1002 285/1294/285
f 263/1264/263 966/1263/966 1778/1375/1778 1008/1299/1008
f 966/1263/966 262/1253/262 1019/1365/1019 1778/1375/1778
f 1778/1376/1778 1019/1368/1019 277/1369/277 995/1377/995
f 1008/1301/1008 1778/1376/1778 995/1377/995 278/1302/278
f 275/1342/275 992/1341/992 1779/1378/1779 1034/1379/1034
f 992/1341/992 274/1332/274 1035/1380/1035 1779/1378/1779
f 1779/1378/1779 1035/1380/1035 289/1381/289 1021/1382/1021
f 1034/1379/1034 1779/1378/1779 1021/1382/1021 290/1383/290
f 283/1348/283 1000/1347/1000 1780/1384/1780 1036/1385/1036
f 1000/1347/1000 282/1338/282 1037/1386/1037 1780/1384/1780
f 1780/1384/1780 1037/1386/1037 297/1387/297 1029/1388/1029
f 1036/1385/1036 1780/1384/1780 1029/1388/1029 298/1389/298
f 276/1357/276 993/1356/993 1781/1390/1781 1038/1391/1038
f 993/1353/993 275/1342/275 1034/1379/1034 1781/1392/1781
f 1781/1392/1781 1034/1379/1034 290/1383/290 1022/1393/1022
f 1038/1391/1038 1781/1390/1781 1022/1394/1022 291/1395/291
f 284/1363/284 1001/1362/1001 1782/1396/1782 1039/1397/1039
f 1001/1362/1001 283/1348/283 1036/1385/1036 1782/1396/1782
f 1782/1396/1782 1036/1385/1036 298/1389/298 1030/1398/1030
f 1039/1397/1039 1782/1396/1782 1030/1398/1030 299/1399/299
f 277/1369/277 994/1367/994 1783/1400/1783 1040/1401/1040
f 994/1367/994 276/1357/276 1038/1391/1038 1783/1400/1783
f 1783/1400/1783 1038/1391/1038 291/1395/291 1023/1402/1023
f 1040/1401/1040 1783/1400/1783 1023/1402/1023 292/1403/292
f 285/1294/285 1002/1374/1002 1784/1404/1784 1041/1405/1041
f 1002/1373/1002 284/1363/284 1039/1397/1039 1784/1406/1784
f 1784/1406/1784 1039/1397/1039 299/1399/299 1031/1407/1031
f 1041/1408/1041 1784/1406/1784 1031/1407/1031 300/1409/300
f 278/1302/278 995/1377/995 1785/1410/1785 1042/1411/1042
f 995/1377/995 277/1369/277 1040/1401/1040 1785/1410/1785
f 1785/1410/1785 1040/1401/1040 292/1403/292 1024/1412/1024
f 1042/1411/1042 1785/1410/1785 1024/1412/1024 293/1413/293
f 286/1296/286 1003/1295/1003 1786/1414/1786 1043/1415/1043
f 1003/1295/1003 285/1294/285 1041/1405/1041 1786/1414/1786
f 1786/1414/1786 1041/1405/1041 300/1416/300 1032/1417/1032
f 1043/1415/1043 1786/1414/1786 1032/1417/1032 301/1418/301
f 279/1305/279 996/1303/996 1787/1419/1787 1044/1420/1044
f 996/1303/996 278/1302/278 1042/1411/1042 1787/1419/1787
f 1787/1419/1787 1042/1411/1042 293/1413/293 1025/1421/1025
f 1044/1420/1044 1787/1419/1787 1025/1421/1025 294/1422/294
f 287/1309/287 1004/1308/1004 1788/1423/1788 1045/1424/1045
f 1004/1308/1004 286/1296/286 1043/1415/1043 1788/1423/1788
f 1788/1423/1788 1043/1415/1043 301/1418/301 1033/1425/1033
f 1045/1424/1045 1788/1423/1788 1033/1425/1033 302/1426/302
f 280/1315/280 997/1313/997 1789/1427/1789 1046/1428/1046
f 997/1313/997 279/1305/279 1044/1420/1044 1789/1427/1789
f 1789/1427/1789 1044/1420/1044 294/1422/294 1026/1429/1026
f 1046/1428/1046 1789/1427/1789 1026/1429/1026 295/1430/295
f 273/1319/273 1449/1318/1449 1790/1431/1790 1047/1432/1047
f 257/35/257 1451/1433/1451 1790/1431/1790 1449/1318/1449
f 288/1434/288 1047/1432/1047 1790/1431/1790 1451/1433/1451
f 1/38/1 1450/1321/1450 1791/1435/1791 1452/1436/1452
f 287/1309/287 1045/1424/1045 1791/1435/1791 1450/1321/1450
f 302/1426/302 1452/1436/1452 1791/1435/1791 1045/1424/1045
f 281/1328/281 998/1327/998 1792/1437/1792 1048/1438/1048
f 998/1327/998 280/1315/280 1046/1428/1046 1792/1437/1792
f 1792/1437/1792 1046/1428/1046 295/1430/295 1027/1439/1027
f 1048/1438/1048 1792/1437/1792 1027/1439/1027 296/1440/296
f 274/1332/274 991/1331/991 1793/1441/1793 1035/1380/1035
f 991/1331/991 273/1319/273 1047/1432/1047 1793/1441/1793
f 1793/1441/1793 1047/1432/1047 288/1434/288 1020/1442/1020
f 1035/1380/1035 1793/1441/1793 1020/1442/1020 289/1381/289
f 282/1338/282 999/1337/999 1794/1443/1794 1037/1386/1037
f 999/1337/999 281/1328/281 1048/1438/1048 1794/1443/1794
f 1794/1443/1794 1048/1438/1048 296/1440/296 1028/1444/1028
f 1037/1386/1037 1794/1443/1794 1028/1444/1028 297/1387/297
f 294/1422/294 1025/1421/1025 1795/1445/1795 1063/1446/1063
f 1025/1421/1025 293/1413/293 1064/1447/1064 1795/1445/1795
f 1795/1445/1795 1064/1447/1064 308/1448/308 1054/1449/1054
f 1063/1446/1063 1795/1445/1795 1054/1449/1054 309/1450/309
f 302/1426/302 1033/1425/1033 1796/1451/1796 1065/1452/1065
f 1033/1425/1033 301/1418/301 1066/1453/1066 1796/1451/1796
f 1796/1451/1796 1066/1453/1066 316/1454/316 1062/1455/1062
f 1065/1452/1065 1796/1451/1796 1062/1455/1062 317/1456/317
f 295/1430/295 1026/1429/1026 1797/1457/1797 1067/1458/1067
f 1026/1429/1026 294/1422/294 1063/1446/1063 1797/1457/1797
f 1797/1457/1797 1063/1446/1063 309/1450/309 1055/1459/1055
f 1067/1458/1067 1797/1457/1797 1055/1459/1055 310/1460/310
f 288/1434/288 1451/1433/1451 1798/1461/1798 1068/1462/1068
f 257/35/257 1453/1463/1453 1798/1461/1798 1451/1433/1451
f 303/1464/303 1068/1462/1068 1798/1461/1798 1453/1463/1453
f 1/38/1 1452/1436/1452 1799/1465/1799 1454/1466/1454
f 302/1426/302 1065/1452/1065 1799/1465/1799 1452/1436/1452
f 317/1456/317 1454/1466/1454 1799/1465/1799 1065/1452/1065
f 296/1440/296 1027/1439/1027 1800/1467/1800 1069/1468/1069
f 1027/1439/1027 295/1430/295 1067/1458/1067 1800/1467/1800
f 1800/1467/1800 1067/1458/1067 310/1460/310 1056/1469/1056
f 1069/1468/1069 1800/1467/1800 1056/1469/1056 311/1470/311
f 289/1381/289 1020/1442/1020 1801/1471/1801 1070/1472/1070
f 1020/1442/1020 288/1434/288 1068/1462/1068 1801/1471/1801
f 1801/1471/1801 1068/1462/1068 303/1464/303 1049/1473/1049
f 1070/1472/1070 1801/1471/1801 1049/1473/1049 304/1474/304
f 297/1387/297 1028/1444/1028 1802/1475/1802 1071/1476/1071
f 1028/1444/1028 296/1440/296 1069/1468/1069 1802/1475/1802
f 1802/1475/1802 1069/1468/1069 311/1470/311 1057/1477/1057
f 1071/1476/1071 1802/1475/1802 1057/1477/1057 312/1478/312
f 290/1383/290 1021/1382/1021 1803/1479/1803 1072/1480/1072
f 1021/1382/1021 289/1381/289 1070/1472/1070 1803/1479/1803
f 1803/1479/1803 1070/1472/1070 304/1474/304 1050/1481/1050
f 1072/1480/1072 1803/1479/1803 1050/1481/1050 305/1482/305
f 298/1389/298 1029/1388/1029 1804/1483/1804 1073/1484/1073
f 1029/1388/1029 297/1387/297 1071/1476/1071 1804/1483/1804
f 1804/1483/1804 1071/1476/1071 312/1478/312 1058/1485/1058
f 1073/1484/1073 1804/1483/1804 1058/1485/1058 313/1486/313
f 291/1395/291 1022/1394/1022 1805/1487/1805 1074/1488/1074
f 1022/1393/1022 290/1383/290 1072/1480/1072 1805/1489/1805
f 1805/1489/1805 1072/1480/1072 305/1482/305 1051/1490/1051
f 1074/1488/1074 1805/1487/1805 1051/1491/1051 306/1492/306
f 299/1399/299 1030/1398/1030 1806/1493/1806 1075/1494/1075
f 1030/1398/1030 298/1389/298 1073/1484/1073 1806/1493/1806
f 1806/1493/1806 1073/1484/1073 313/1486/313 1059/1495/1059
f 1075/1494/1075 1806/1493/1806 1059/1495/1059 314/1496/314
f 292/1403/292 1023/1402/1023 1807/1497/1807 1076/1498/1076
f 1023/1402/1023 291/1395/291 1074/1488/1074 1807/1497/1807
f 1807/1497/1807 1074/1488/1074 306/1492/306 1052/1499/1052
f 1076/1498/1076 1807/1497/1807 1052/1499/1052 307/1500/307
f 300/1409/300 1031/1407/1031 1808/1501/1808 1077/1502/1077
f 1031/1407/1031 299/1399/299 1075/1494/1075 1808/1501/1808
f 1808/1501/1808 1075/1494/1075 314/1496/314 1060/1503/1060
f 1077/1502/1077 1808/1501/1808 1060/1503/1060 315/1504/315
f 293/1413/293 1024/1412/1024 1809/1505/1809 1064/1447/1064
f 1024/1412/1024 292/1403/292 1076/1498/1076 1809/1505/1809
f 1809/1505/1809 1076/1498/1076 307/1500/307 1053/1506/1053
f 1064/1447/1064 1809/1505/1809 1053/1506/1053 308/1448/308
f 301/1418/301 1032/1417/1032 1810/1507/1810 1066/1453/1066
f 1032/1417/1032 300/1416/300 1077/1508/1077 1810/1507/1810
f 1810/1507/1810 1077/1508/1077 315/1509/315 1061/1510/1061
f 1066/1453/1066 1810/1507/1810 1061/1510/1061 316/1454/316
f 313/1486/313 1058/1485/1058 1811/1511/1811 1092/1512/1092
f 1058/1485/1058 312/1478/312 1093/1513/1093 1811/1511/1811
f 1811/1511/1811 1093/1513/1093 327/1514/327 1087/1515/1087
f 1092/1512/1092 1811/1511/1811 1087/1515/1087 328/1516/328
f 306/1492/306 1051/1491/1051 1812/1517/1812 1094/1518/1094
f 1051/1490/1051 305/1482/305 1095/1519/1095 1812/1520/1812
f 1812/1520/1812 1095/1519/1095 320/1521/320 1080/1522/1080
f 1094/1518/1094 1812/1517/1812 1080/1523/1080 321/1524/321
f 314/1496/314 1059/1495/1059 1813/1525/1813 1096/1526/1096
f 1059/1495/1059 313/1486/313 1092/1512/1092 1813/1525/1813
f 1813/1525/1813 1092/1512/1092 328/1516/328 1088/1527/1088
f 1096/1526/1096 1813/1525/1813 1088/1527/1088 329/1528/329
f 307/1500/307 1052/1499/1052 1814/1529/1814 1097/1530/1097
f 1052/1499/1052 306/1492/306 1094/1518/1094 1814/1529/1814
f 1814/1529/1814 1094/1518/1094 321/1524/321 1081/1531/1081
f 1097/1530/1097 1814/1529/1814 1081/1531/1081 322/1532/322
f 315/1504/315 1060/1503/1060 1815/1533/1815 1098/1534/1098
f 1060/1503/1060 314/1496/314 1096/1526/1096 1815/1533/1815
f 1815/1533/1815 1096/1526/1096 329/1528/329 1089/1535/1089
f 1098/1534/1098 1815/1533/1815 1089/1535/1089 330/1536/330
f 308/1448/308 1053/1506/1053 1816/1537/1816 1099/1538/1099
f 1053/1506/1053 307/1500/307 1097/1530/1097 1816/1537/1816
f 1816/1537/1816 1097/1530/1097 322/1532/322 1082/1539/1082
f 1099/1538/1099 1816/1537/1816 1082/1539/1082 323/1540/323
f 316/1454/316 1061/1510/1061 1817/1541/1817 1100/1542/1100
f 1061/1510/1061 315/1509/315 1098/1543/1098 1817/1541/1817
f 1817/1541/1817 1098/1543/1098 330/1544/330 1090/1545/1090
f 1100/1542/1100 1817/1541/1817 1090/1545/1090 331/1546/331
f 309/1450/309 1054/1449/1054 1818/1547/1818 1101/1548/1101
f 1054/1449/1054 308/1448/308 1099/1538/1099 1818/1547/1818
f 1818/1547/1818 1099/1538/1099 323/1540/323 1083/1549/1083
f 1101/1548/1101 1818/1547/1818 1083/1549/1083 324/1550/324
f 317/1456/317 1062/1455/1062 1819/1551/1819 1102/1552/1102
f 1062/1455/1062 316/1454/316 1100/1542/1100 1819/1551/1819
f 1819/1551/1819 1100/1542/1100 331/1546/331 1091/1553/1091
f 1102/1552/1102 1819/1551/1819 1091/1553/1091 332/1554/332
f 310/1460/310 1055/1459/1055 1820/1555/1820 1103/1556/1103
f 1055/1459/1055 309/1450/309 1101/1548/1101 1820/1555/1820
f 1820/1555/1820 1101/1548/1101 324/1550/324 1084/1557/1084
f 1103/1556/1103 1820/1555/1820 1084/1557/1084 325/1558/325
f 303/1464/303 1453/1463/1453 1821/1559/1821 1104/1560/1104
f 257/35/257 1455/1561/1455 1821/1559/1821 1453/1463/1453
f 318/1562/318 1104/1560/1104 1821/1559/1821 1455/1561/1455
f 1/38/1 1454/1466/1454 1822/1563/1822 1456/1564/1456
f 317/1456/317 1102/1552/1102 1822/1563/1822 1454/1466/1454
f 332/1554/332 1456/1564/1456 1822/1563/1822 1102/1552/1102
f 311/1470/311 1056/1469/1056 1823/1565/1823 1105/1566/1105
f 1056/1469/1056 310/1460/310 1103/1556/1103 1823/1565/1823
f 1823/1565/1823 1103/1556/1103 325/1558/325 1085/1567/1085
f 1105/1566/1105 1823/1565/1823 1085/1567/1085 326/1568/326
f 304/1474/304 1049/1473/1049 1824/1569/1824 1106/1570/1106
f 1049/1473/1049 303/1464/303 1104/1560/1104 1824/1569/1824
f 1824/1569/1824 1104/1560/1104 318/1562/318 1078/1571/1078
f 1106/1570/1106 1824/1569/1824 1078/1571/1078 319/1572/319
f 312/1478/312 1057/1477/1057 1825/1573/1825 1093/1513/1093
f 1057/1477/1057 311/1470/311 1105/1566/1105 1825/1573/1825
f 1825/1573/1825 1105/1566/1105 326/1568/326 1086/1574/1086
f 1093/1513/1093 1825/1573/1825 1086/1574/1086 327/1514/327
f 305/1482/305 1050/1481/1050 1826/1575/1826 1095/1519/1095
f 1050/1481/1050 304/1474/304 1106/1570/1106 1826/1575/1826
f 1826/1575/1826 1106/1570/1106 319/1572/319 1079/1576/1079
f 1095/1519/1095 1826/1575/1826 1079/1576/1079 320/1521/320
f 332/1554/332 1091/1553/1091 1827/1577/1827 1121/1578/1121
f 1091/1553/1091 331/1546/331 1122/1579/1122 1827/1577/1827
f 1827/1577/1827 1122/1579/1122 346/1580/346 1120/1581/1120
f 1121/1578/1121 1827/1577/1827 1120/1581/1120 347/1582/347
f 325/1558/325 1084/1557/1084 1828/1583/1828 1123/1584/1123
f 1084/1557/1084 324/1550/324 1124/1585/1124 1828/1583/1828
f 1828/1583/1828 1124/1585/1124 339/1586/339 1113/1587/1113
f 1123/1584/1123 1828/1583/1828 1113/1587/1113 340/1588/340
f 318/1562/318 1455/1561/1455 1829/1589/1829 1125/1590/1125
f 257/35/257 1457/1591/1457 1829/1589/1829 1455/1561/1455
f 333/1592/333 1125/1590/1125 1829/1589/1829 1457/1591/1457
f 1/38/1 1456/1564/1456 1830/1593/1830 1458/1594/1458
f 332/1554/332 1121/1578/1121 1830/1593/1830 1456/1564/1456
f 347/1582/347 1458/1594/1458 1830/1593/1830 1121/1578/1121
f 326/1568/326 1085/1567/1085 1831/1595/1831 1126/1596/1126
f 1085/1567/1085 325/1558/325 1123/1584/1123 1831/1595/1831
f 1831/1595/1831 1123/1584/1123 340/1588/340 1114/1597/1114
f 1126/1596/1126 1831/1595/1831 1114/1597/1114 341/1598/341
f 319/1572/319 1078/1571/1078 1832/1599/1832 1127/1600/1127
f 1078/1571/1078 318/1562/318 1125/1590/1125 1832/1599/1832
f 1832/1599/1832 1125/1590/1125 333/1592/333 1107/1601/1107
f 1127/1600/1127 1832/1599/1832 1107/1601/1107 334/1602/334
f 327/1514/327 1086/1574/1086 1833/1603/1833 1128/1604/1128
f 1086/1574/1086 326/1568/326 1126/1596/1126 1833/1603/1833
f 1833/1603/1833 1126/1596/1126 341/1598/341 1115/1605/1115
f 1128/1604/1128 1833/1603/1833 1115/1605/1115 342/1606/342
f 320/1521/320 1079/1576/1079 1834/1607/1834 1129/1608/1129
f 1079/1576/1079 319/1572/319 1127/1600/1127 1834/1607/1834
f 1834/1607/1834 1127/1600/1127 334/1602/334 1108/1609/1108
f 1129/1608/1129 1834/1607/1834 1108/1609/1108 335/1610/335
f 328/1516/328 1087/1515/1087 1835/1611/1835 1130/1612/1130
f 1087/1515/1087 327/1514/327 1128/1604/1128 1835/1611/1835
f 1835/1611/1835 1128/1604/1128 342/1606/342 1116/1613/1116
f 1130/1612/1130 1835/1611/1835 1116/1613/1116 343/1614/343
f 321/1524/321 1080/1523/1080 1836/1615/1836 1131/1616/1131
f 1080/1522/1080 320/1521/320 1129/1608/1129 1836/1617/1836
f 1836/1617/1836 1129/1608/1129 335/1610/335 1109/1618/1109
f 1131/1619/1131 1836/1617/1836 1109/1618/1109 336/1620/336
f 329/1528/329 1088/1527/1088 1837/1621/1837 1132/1622/1132
f 1088/1527/1088 328/1516/328 1130/1612/1130 1837/1621/1837
f 1837/1621/1837 1130/1612/1130 343/1614/343 1117/1623/1117
f 1132/1622/1132 1837/1621/1837 1117/1623/1117 344/1624/344
f 322/1532/322 1081/1531/1081 1838/1625/1838 1133/1626/1133
f 1081/1531/1081 321/1524/321 1131/1616/1131 1838/1625/1838
f 1838/1625/1838 1131/1616/1131 336/1627/336 1110/1628/1110
f 1133/1626/1133 1838/1625/1838 1110/1628/1110 337/1629/337
f 330/1536/330 1089/1535/1089 1839/1630/1839 1134/1631/1134
f 1089/1535/1089 329/1528/329 1132/1622/1132 1839/1630/1839
f 1839/1630/1839 1132/1622/1132 344/1624/344 1118/1632/1118
f 1134/1631/1134 1839/1630/1839 1118/1632/1118 345/1633/345
f 323/1540/323 1082/1539/1082 1840/1634/1840 1135/1635/1135
f 1082/1539/1082 322/1532/322 1133/1626/1133 1840/1634/1840
f 1840/1634/1840 1133/1626/1133 337/1629/337 1111/1636/1111
f 1135/1635/1135 1840/1634/1840 1111/1636/1111 338/1637/338
f 331/1546/331 1090/1545/1090 1841/1638/1841 1122/1579/1122
f 1090/1545/1090 330/1544/330 1134/1639/1134 1841/1638/1841
f 1841/1638/1841 1134/1639/1134 345/1640/345 1119/1641/1119
f 1122/1579/1122 1841/1638/1841 1119/1641/1119 346/1580/346
f 324/1550/324 1083/1549/1083 1842/1642/1842 1124/1585/1124
f 1083/1549/1083 323/1540/323 1135/1635/1135 1842/1642/1842
f 1842/1642/1842 1135/1635/1135 338/1637/338 1112/1643/1112
f 1124/1585/1124 1842/1642/1842 1112/1643/1112 339/1586/339
f 344/1624/344 1117/1623/1117 1843/1644/1843 1150/1645/1150
f 1117/1623/1117 343/1614/343 1151/1646/1151 1843/1644/1843
f 1843/1644/1843 1151/1646/1151 358/1647/358 1146/1648/1146
f 1150/1645/1150 1843/1644/1843 1146/1648/1146 359/1649/359
f 337/1629/337 1110/1628/1110 1844/1650/1844 1152/1651/1152
f 1110/1628/1110 336/1627/336 1153/1652/1153 1844/1650/1844
f 1844/1653/1844 1153/1654/1153 351/1655/351 1139/1656/1139
f 1152/1651/1152 1844/1650/1844 1139/1657/1139 352/1658/352
f 345/1633/345 1118/1632/1118 1845/1659/1845 1154/1660/1154
f 1118/1632/1118 344/1624/344 1150/1645/1150 1845/1659/1845
f 1845/1659/1845 1150/1645/1150 359/1649/359 1147/1661/1147
f 1154/1660/1154 1845/1659/1845 1147/1661/1147 360/1662/360
f 338/1637/338 1111/1636/1111 1846/1663/1846 1155/1664/1155
f 1111/1636/1111 337/1629/337 1152/1651/1152 1846/1663/1846
f 1846/1663/1846 1152/1651/1152 352/1658/352 1140/1665/1140
f 1155/1664/1155 1846/1663/1846 1140/1665/1140 353/1666/353
f 346/1580/346 1119/1641/1119 1847/1667/1847 1156/1668/1156
f 1119/1641/1119 345/1640/345 1154/1669/1154 1847/1667/1847
f 1847/1667/1847 1154/1669/1154 360/1670/360 1148/1671/1148
f 1156/1668/1156 1847/1667/1847 1148/1671/1148 361/1672/361
f 339/1586/339 1112/1643/1112 1848/1673/1848 1157/1674/1157
f 1112/1643/1112 338/1637/338 1155/1664/1155 1848/1673/1848
f 1848/1673/1848 1155/1664/1155 353/1666/353 1141/1675/1141
f 1157/1674/1157 1848/1673/1848 1141/1675/1141 354/1676/354
f 347/1582/347 1120/1581/1120 1849/1677/1849 1158/1678/1158
f 1120/1581/1120 346/1580/346 1156/1668/1156 1849/1677/1849
f 1849/1677/1849 1156/1668/1156 361/1672/361 1149/1679/1149
f 1158/1678/1158 1849/1677/1849 1149/1679/1149 362/1680/362
f 340/1588/340 1113/1587/1113 1850/1681/1850 1159/1682/1159
f 1113/1587/1113 339/1586/339 1157/1674/1157 1850/1681/1850
f 1850/1681/1850 1157/1674/1157 354/1676/354 1142/1683/1142
f 1159/1682/1159 1850/1681/1850 1142/1683/1142 355/1684/355
f 333/1592/333 1457/1591/1457 1851/1685/1851 1160/1686/1160
f 257/35/257 1459/1687/1459 1851/1685/1851 1457/1591/1457
f 348/1688/348 1160/1686/1160 1851/1685/1851 1459/1687/1459
f 1/38/1 1458/1594/1458 1852/1689/1852 1460/1690/1460
f 347/1582/347 1158/1678/1158 1852/1689/1852 1458/1594/1458
f 362/1680/362 1460/1690/1460 1852/1689/1852 1158/1678/1158
f 341/1598/341 1114/1597/1114 1853/1691/1853 1161/1692/1161
f 1114/1597/1114 340/1588/340 1159/1682/1159 1853/1691/1853
f 1853/1691/1853 1159/1682/1159 355/1684/355 1143/1693/1143
f 1161/1692/1161 1853/1691/1853 1143/1693/1143 356/1694/356
f 334/1602/334 1107/1601/1107 1854/1695/1854 1162/1696/1162
f 1107/1601/1107 333/1592/333 1160/1686/1160 1854/1695/1854
f 1854/1695/1854 1160/1686/1160 348/1688/348 1136/1697/1136
f 1162/1696/1162 1854/1695/1854 1136/1697/1136 349/1698/349
f 342/1606/342 1115/1605/1115 1855/1699/1855 1163/1700/1163
f 1115/1605/1115 341/1598/341 1161/1692/1161 1855/1699/1855
f 1855/1699/1855 1161/1692/1161 356/1694/356 1144/1701/1144
f 1163/1700/1163 1855/1699/1855 1144/1701/1144 357/1702/357
f 335/1610/335 1108/1609/1108 1856/1703/1856 1164/1704/1164
f 1108/1609/1108 334/1602/334 1162/1696/1162 1856/1703/1856
f 1856/1703/1856 1162/1696/1162 349/1698/349 1137/1705/1137
f 1164/1704/1164 1856/1703/1856 1137/1705/1137 350/1706/350
f 343/1614/343 1116/1613/1116 1857/1707/1857 1151/1646/1151
f 1116/1613/1116 342/1606/342 1163/1700/1163 1857/1707/1857
f 1857/1707/1857 1163/1700/1163 357/1702/357 1145/1708/1145
f 1151/1646/1151 1857/1707/1857 1145/1708/1145 358/1647/358
f 336/1620/336 1109/1618/1109 1858/1709/1858 1153/1654/1153
f 1109/1618/1109 335/1610/335 1164/1704/1164 1858/1709/1858
f 1858/1709/1858 1164/1704/1164 350/1706/350 1138/1710/1138
f 1153/1654/1153 1858/1709/1858 1138/1710/1138 351/1655/351
f 348/1688/348 1459/1687/1459 1859/1711/1859 1179/1712/1179
f 257/35/257 1461/1713/1461 1859/1711/1859 1459/1687/1459
f 363/1714/363 1179/1712/1179 1859/1711/1859 1461/1713/1461
f 1/38/1 1460/1690/1460 1860/1715/1860 1462/1716/1462
f 362/1680/362 1180/1717/1180 1860/1715/1860 1460/1690/1460
f 377/1718/377 1462/1716/1462 1860/1715/1860 1180/1717/1180
f 356/1694/356 1143/1693/1143 1861/1719/1861 1181/1720/1181
f 1143/1693/1143 355/1684/355 1182/1721/1182 1861/1719/1861
f 1861/1719/1861 1182/1721/1182 370/1722/370 1172/1723/1172
f 1181/1720/1181 1861/1719/1861 1172/1723/1172 371/1724/371
f 349/1698/349 1136/1697/1136 1862/1725/1862 1183/1726/1183
f 1136/1697/1136 348/1688/348 1179/1712/1179 1862/1725/1862
f 1862/1725/1862 1179/1712/1179 363/1714/363 1165/1727/1165
f 1183/1726/1183 1862/1725/1862 1165/1727/1165 364/1728/364
f 357/1702/357 1144/1701/1144 1863/1729/1863 1184/1730/1184
f 1144/1701/1144 356/1694/356 1181/1720/1181 1863/1729/1863
f 1863/1729/1863 1181/1720/1181 371/1724/371 1173/1731/1173
f 1184/1730/1184 1863/1729/1863 1173/1731/1173 372/1732/372
f 350/1706/350 1137/1705/1137 1864/1733/1864 1185/1734/1185
f 1137/1705/1137 349/1698/349 1183/1726/1183 1864/1733/1864
f 1864/1733/1864 1183/1726/1183 364/1728/364 1166/1735/1166
f 1185/1734/1185 1864/1733/1864 1166/1735/1166 365/1736/365
f 358/1647/358 1145/1708/1145 1865/1737/1865 1186/1738/1186
f 1145/1708/1145 357/1702/357 1184/1730/1184 1865/1737/1865
f 1865/1737/1865 1184/1730/1184 372/1732/372 1174/1739/1174
f 1186/1738/1186 1865/1737/1865 1174/1739/1174 373/1740/373
f 351/1655/351 1138/1710/1138 1866/1741/1866 1187/1742/1187
f 1138/1710/1138 350/1706/350 1185/1734/1185 1866/1741/1866
f 1866/1741/1866 1185/1734/1185 365/1736/365 1167/1743/1167
f 1187/1742/1187 1866/1741/1866 1167/1743/1167 366/1744/366
f 359/1649/359 1146/1648/1146 1867/1745/1867 1188/1746/1188
f 1146/1648/1146 358/1647/358 1186/1738/1186 1867/1745/1867
f 1867/1745/1867 1186/1738/1186 373/1740/373 1175/1747/1175
f 1188/1746/1188 1867/1745/1867 1175/1747/1175 374/1748/374
f 352/1658/352 1139/1657/1139 1868/1749/1868 1189/1750/1189
f 1139/1656/1139 351/1655/351 1187/1742/1187 1868/1751/1868
f 1868/1751/1868 1187/1742/1187 366/1744/366 1168/1752/1168
f 1189/1753/1189 1868/1751/1868 1168/1752/1168 367/1754/367
f 360/1662/360 1147/1661/1147 1869/1755/1869 1190/1756/1190
f 1147/1661/1147 359/1649/359 1188/1746/1188 1869/1755/1869
f 1869/1755/1869 1188/1746/1188 374/1748/374 1176/1757/1176
f 1190/1756/1190 1869/1755/1869 1176/1757/1176 375/1758/375
f 353/1666/353 1140/1665/1140 1870/1759/1870 1191/1760/1191
f 1140/1665/1140 352/1658/352 1189/1750/1189 1870/1759/1870
f 1870/1759/1870 1189/1750/1189 367/1761/367 1169/1762/1169
f 1191/1760/1191 1870/1759/1870 1169/1762/1169 368/1763/368
f 361/1672/361 1148/1671/1148 1871/1764/1871 1192/1765/1192
f 1148/1671/1148 360/1670/360 1190/1766/1190 1871/1764/1871
f 1871/1764/1871 1190/1766/1190 375/1767/375 1177/1768/1177
f 1192/1765/1192 1871/1764/1871 1177/1768/1177 376/1769/376
f 354/1676/354 1141/1675/1141 1872/1770/1872 1193/1771/1193
f 1141/1675/1141 353/1666/353 1191/1760/1191 1872/1770/1872
f 1872/1770/1872 1191/1760/1191 368/1763/368 1170/1772/1170
f 1193/1771/1193 1872/1770/1872 1170/1772/1170 369/1773/369
f 362/1680/362 1149/1679/1149 1873/1774/1873 1180/1717/1180
f 1149/1679/1149 361/1672/361 1192/1765/1192 1873/1774/1873
f 1873/1774/1873 1192/1765/1192 376/1769/376 1178/1775/1178
f 1180/1717/1180 1873/1774/1873 1178/1775/1178 377/1718/377
f 355/1684/355 1142/1683/1142 1874/1776/1874 1182/1721/1182
f 1142/1683/1142 354/1676/354 1193/1771/1193 1874/1776/1874
f 1874/1776/1874 1193/1771/1193 369/1773/369 1171/1777/1171
f 1182/1721/1182 1874/1776/1874 1171/1777/1171 370/1722/370
f 367/1754/367 1168/1752/1168 1875/1778/1875 1208/1779/1208
f 1168/1752/1168 366/1744/366 1209/1780/1209 1875/1778/1875
f 1875/1778/1875 1209/1780/1209 381/1781/381 1197/1782/1197
f 1208/1779/1208 1875/1778/1875 1197/1782/1197 382/1783/382
f 375/1758/375 1176/1757/1176 1876/1784/1876 1210/1785/1210
f 1176/1757/1176 374/1748/374 1211/1786/1211 1876/1784/1876
f 1876/1784/1876 1211/1786/1211 389/1787/389 1205/1788/1205
f 1210/1789/1210 1876/1790/1876 1205/1791/1205 390/1792/390
f 368/1763/368 1169/1762/1169 1877/1793/1877 1212/1794/1212
f 1169/1795/1169 367/1754/367 1208/1779/1208 1877/1796/1877
f 1877/1796/1877 1208/1779/1208 382/1783/382 1198/1797/1198
f 1212/1798/1212 1877/1796/1877 1198/1797/1198 383/1799/383
f 376/1769/376 1177/1768/1177 1878/1800/1878 1213/1801/1213
f 1177/1768/1177 375/1767/375 1210/1802/1210 1878/1800/1878
f 1878/1800/1878 1210/1802/1210 390/1803/390 1206/1804/1206
f 1213/1801/1213 1878/1800/1878 1206/1804/1206 391/1805/391
f 369/1773/369 1170/1772/1170 1879/1806/1879 1214/1807/1214
f 1170/1772/1170 368/1763/368 1212/1794/1212 1879/1806/1879
f 1879/1806/1879 1212/1794/1212 383/1808/383 1199/1809/1199
f 1214/1807/1214 1879/1806/1879 1199/1809/1199 384/1810/384
f 377/1718/377 1178/1775/1178 1880/1811/1880 1215/1812/1215
f 1178/1775/1178 376/1769/376 1213/1801/1213 1880/1811/1880
f 1880/1811/1880 1213/1801/1213 391/1805/391 1207/1813/1207
f 1215/1812/1215 1880/1811/1880 1207/1813/1207 392/1814/392
f 370/1722/370 1171/1777/1171 1881/1815/1881 1216/1816/1216
f 1171/1777/1171 369/1773/369 1214/1807/1214 1881/1815/1881
f 1881/1815/1881 1214/1807/1214 384/1810/384 1200/1817/1200
f 1216/1816/1216 1881/1815/1881 1200/1817/1200 385/1818/385
f 363/1714/363 1461/1713/1461 1882/1819/1882 1217/1820/1217
f 257/35/257 1463/1821/1463 1882/1819/1882 1461/1713/1461
f 378/1822/378 1217/1820/1217 1882/1819/1882 1463/1821/1463
f 1/38/1 1462/1716/1462 1883/1823/1883 1464/1824/1464
f 377/1718/377 1215/1812/1215 1883/1823/1883 1462/1716/1462
f 392/1814/392 1464/1824/1464 1883/1823/1883 1215/1812/1215
f 371/1724/371 1172/1723/1172 1884/1825/1884 1218/1826/1218
f 1172/1723/1172 370/1722/370 1216/1816/1216 1884/1825/1884
f 1884/1825/1884 1216/1816/1216 385/1818/385 1201/1827/1201
f 1218/1826/1218 1884/1825/1884 1201/1827/1201 386/1828/386
f 364/1728/364 1165/1727/1165 1885/1829/1885 1219/1830/1219
f 1165/1727/1165 363/1714/363 1217/1820/1217 1885/1829/1885
f 1885/1829/1885 1217/1820/1217 378/1822/378 1194/1831/1194
f 1219/1830/1219 1885/1829/1885 1194/1831/1194 379/1832/379
f 372/1732/372 1173/1731/1173 1886/1833/1886 1220/1834/1220
f 1173/1731/1173 371/1724/371 1218/1826/1218 1886/1833/1886
f 1886/1833/1886 1218/1826/1218 386/1828/386 1202/1835/1202
f 1220/1834/1220 1886/1833/1886 1202/1835/1202 387/1836/387
f 365/1736/365 1166/1735/1166 1887/1837/1887 1221/1838/1221
f 1166/1735/1166 364/1728/364 1219/1830/1219 1887/1837/1887
f 1887/1837/1887 1219/1830/1219 379/1832/379 1195/1839/1195
f 1221/1838/1221 1887/1837/1887 1195/1839/1195 380/1840/380
f 373/1740/373 1174/1739/1174 1888/1841/1888 1222/1842/1222
f 1174/1739/1174 372/1732/372 1220/1834/1220 1888/1841/1888
f 1888/1841/1888 1220/1834/1220 387/1836/387 1203/1843/1203
f 1222/1842/1222 1888/1841/1888 1203/1843/1203 388/1844/388
f 366/1744/366 1167/1743/1167 1889/1845/1889 1209/1780/1209
f 1167/1743/1167 365/1736/365 1221/1838/1221 1889/1845/1889
f 1889/1845/1889 1221/1838/1221 380/1840/380 1196/1846/1196
f 1209/1780/1209 1889/1845/1889 1196/1846/1196 381/1781/381
f 374/1748/374 1175/1747/1175 1890/1847/1890 1211/1786/1211
f 1175/1747/1175 373/1740/373 1222/1842/1222 1890/1847/1890
f 1890/1847/1890 1222/1842/1222 388/1844/388 1204/1848/1204
f 1211/1786/1211 1890/1847/1890 1204/1848/1204 389/1787/389
f 386/1849/386 1201/1850/1201 1891/1851/1891 1237/1852/1237
f 1201/1827/1201 385/1818/385 1238/1853/1238 1891/1854/1891
f 1891/1851/1891 1238/1855/1238 400/1856/400 1230/1857/1230
f 1237/1852/1237 1891/1851/1891 1230/1857/1230 401/1858/401
f 379/1832/379 1194/1831/1194 1892/1859/1892 1239/1860/1239
f 1194/1831/1194 378/1822/378 1240/1861/1240 1892/1859/1892
f 1892/1859/1892 1240/1861/1240 393/1862/393 1223/1863/1223
f 1239/1860/1239 1892/1859/1892 1223/1863/1223 394/1864/394
f 387/1865/387 1202/1866/1202 1893/1867/1893 1241/1868/1241
f 1202/1866/1202 386/1849/386 1237/1852/1237 1893/1867/1893
f 1893/1867/1893 1237/1852/1237 401/1858/401 1231/1869/1231
f 1241/1868/1241 1893/1867/1893 1231/1869/1231 402/1870/402
f 380/1840/380 1195/1839/1195 1894/1871/1894 1242/1872/1242
f 1195/1839/1195 379/1832/379 1239/1860/1239 1894/1871/1894
f 1894/1871/1894 1239/1860/1239 394/1864/394 1224/1873/1224
f 1242/1872/1242 1894/1871/1894 1224/1873/1224 395/1874/395
f 388/1875/388 1203/1876/1203 1895/1877/1895 1243/1878/1243
f 1203/1876/1203 387/1865/387 1241/1868/1241 1895/1877/1895
f 1895/1877/1895 1241/1868/1241 402/1870/402 1232/1879/1232
f 1243/1878/1243 1895/1877/1895 1232/1879/1232 403/1880/403
f 381/1781/381 1196/1846/1196 1896/1881/1896 1244/1882/1244
f 1196/1846/1196 380/1840/380 1242/1872/1242 1896/1881/1896
f 1896/1881/1896 1242/1872/1242 395/1874/395 1225/1883/1225
f 1244/1882/1244 1896/1881/1896 1225/1883/1225 396/1884/396
f 389/1885/389 1204/1886/1204 1897/1887/1897 1245/1888/1245
f 1204/1886/1204 388/1875/388 1243/1878/1243 1897/1887/1897
f 1897/1887/1897 1243/1878/1243 403/1880/403 1233/1889/1233
f 1245/1888/1245 1897/1887/1897 1233/1889/1233 404/1890/404
f 382/1783/382 1197/1782/1197 1898/1891/1898 1246/1892/1246
f 1197/1782/1197 381/1781/381 1244/1882/1244 1898/1891/1898
f 1898/1891/1898 1244/1882/1244 396/1884/396 1226/1893/1226
f 1246/1892/1246 1898/1891/1898 1226/1893/1226 397/1894/397
f 390/1792/390 1205/1791/1205 1899/1895/1899 1247/1896/1247
f 1205/1791/1205 389/1885/389 1245/1888/1245 1899/1895/1899
f 1899/1895/1899 1245/1888/1245 404/1890/404 1234/1897/1234
f 1247/1896/1247 1899/1895/1899 1234/1897/1234 405/1898/405
f 383/1799/383 1198/1797/1198 1900/1899/1900 1248/1900/1248
f 1198/1797/1198 382/1783/382 1246/1892/1246 1900/1899/1900
f 1900/1899/1900 1246/1892/1246 397/1894/397 1227/1901/1227
f 1248/1900/1248 1900/1899/1900 1227/1901/1227 398/1902/398
f 391/1805/391 1206/1804/1206 1901/1903/1901 1249/1904/1249
f 1206/1804/1206 390/1803/390 1247/1905/1247 1901/1903/1901
f 1901/1903/1901 1247/1905/1247 405/1906/405 1235/1907/1235
f 1249/1904/1249 1901/1903/1901 1235/1907/1235 406/1908/406
f 384/1810/384 1199/1809/1199 1902/1909/1902 1250/1910/1250
f 1199/1911/1199 383/1799/383 1248/1900/1248 1902/1912/1902
f 1902/1912/1902 1248/1900/1248 398/1902/398 1228/1913/1228
f 1250/1914/1250 1902/1915/1902 1228/1916/1228 399/1917/399
f 392/1814/392 1207/1813/1207 1903/1918/1903 1251/1919/1251
f 1207/1813/1207 391/1805/391 1249/1904/1249 1903/1918/1903
f 1903/1918/1903 1249/1904/1249 406/1908/406 1236/1920/1236
f 1251/1919/1251 1903/1918/1903 1236/1920/1236 407/1921/407
f 385/1818/385 1200/1817/1200 1904/1922/1904 1238/1853/1238
f 1200/1817/1200 384/1810/384 1250/1910/1250 1904/1922/1904
f 1904/1923/1904 1250/1914/1250 399/1917/399 1229/1924/1229
f 1238/1855/1238 1904/1923/1904 1229/1924/1229 400/1856/400
f 378/1822/378 1463/1821/1463 1905/1925/1905 1240/1861/1240
f 257/35/257 1465/1926/1465 1905/1925/1905 1463/1821/1463
f 393/1862/393 1240/1861/1240 1905/1925/1905 1465/1926/1465
f 1/38/1 1464/1824/1464 1906/1927/1906 1466/1928/1466
f 392/1814/392 1251/1919/1251 1906/1927/1906 1464/1824/1464
f 407/1921/407 1466/1928/1466 1906/1927/1906 1251/1919/1251
f 405/1898/405 1234/1897/1234 1907/1929/1907 1266/1930/1266
f 1234/1897/1234 404/1890/404 1267/1931/1267 1907/1929/1907
f 1907/1929/1907 1267/1931/1267 419/1932/419 1263/1933/1263
f 1266/1930/1266 1907/1929/1907 1263/1933/1263 420/1934/420
f 398/1902/398 1227/1901/1227 1908/1935/1908 1268/1936/1268
f 1227/1901/1227 397/1894/397 1269/1937/1269 1908/1935/1908
f 1908/1935/1908 1269/1937/1269 412/1938/412 1256/1939/1256
f 1268/1940/1268 1908/1941/1908 1256/1942/1256 413/1943/413
f 406/1908/406 1235/1907/1235 1909/1944/1909 1270/1945/1270
f 1235/1907/1235 405/1906/405 1266/1946/1266 1909/1944/1909
f 1909/1947/1909 1266/1930/1266 420/1934/420 1264/1948/1264
f 1270/1945/1270 1909/1944/1909 1264/1949/1264 421/1950/421
f 399/1917/399 1228/1916/1228 1910/1951/1910 1271/1952/1271
f 1228/1916/1228 398/1953/398 1268/1940/1268 1910/1951/1910
f 1910/1951/1910 1268/1940/1268 413/1943/413 1257/1954/1257
f 1271/1952/1271 1910/1951/1910 1257/1954/1257 414/1955/414
f 407/1921/407 1236/1920/1236 1911/1956/1911 1272/1957/1272
f 1236/1920/1236 406/1908/406 1270/1945/1270 1911/1956/1911
f 1911/1956/1911 1270/1945/1270 421/1950/421 1265/1958/1265
f 1272/1957/1272 1911/1956/1911 1265/1958/1265 422/1959/422
f 400/1856/400 1229/1924/1229 1912/1960/1912 1273/1961/1273
f 1229/1924/1229 399/1917/399 1271/1952/1271 1912/1960/1912
f 1912/1960/1912 1271/1952/1271 414/1955/414 1258/1962/1258
f 1273/1961/1273 1912/1960/1912 1258/1962/1258 415/1963/415
f 393/1862/393 1465/1926/1465 1913/1964/1913 1274/1965/1274
f 257/35/257 1467/1966/1467 1913/1964/1913 1465/1926/1465
f 408/1967/408 1274/1965/1274 1913/1964/1913 1467/1966/1467
f 1/38/1 1466/1928/1466 1914/1968/1914 1468/1969/1468
f 407/1921/407 1272/1957/1272 1914/1968/1914 1466/1928/1466
f 422/1959/422 1468/1969/1468 1914/1968/1914 1272/1957/1272
f 401/1858/401 1230/1857/1230 1915/1970/1915 1275/1971/1275
f 1230/1857/1230 400/1856/400 1273/1961/1273 1915/1970/1915
f 1915/1970/1915 1273/1961/1273 415/1963/415 1259/1972/1259
f 1275/1971/1275 1915/1970/1915 1259/1972/1259 416/1973/416
f 394/1864/394 1223/1863/1223 1916/1974/1916 1276/1975/1276
f 1223/1863/1223 393/1862/393 1274/1965/1274 1916/1974/1916
f 1916/1974/1916 1274/1965/1274 408/1967/408 1252/1976/1252
f 1276/1975/1276 1916/1974/1916 1252/1976/1252 409/1977/409
f 402/1870/402 1231/1869/1231 1917/1978/1917 1277/1979/1277
f 1231/1869/1231 401/1858/401 1275/1971/1275 1917/1978/1917
f 1917/1978/1917 1275/1971/1275 416/1973/416 1260/1980/1260
f 1277/1979/1277 1917/1978/1917 1260/1980/1260 417/1981/417
f 395/1874/395 1224/1873/1224 1918/1982/1918 1278/1983/1278
f 1224/1873/1224 394/1864/394 1276/1975/1276 1918/1982/1918
f 1918/1982/1918 1276/1975/1276 409/1977/409 1253/1984/1253
f 1278/1983/1278 1918/1982/1918 1253/1984/1253 410/1985/410
f 403/1880/403 1232/1879/1232 1919/1986/1919 1279/1987/1279
f 1232/1879/1232 402/1870/402 1277/1979/1277 1919/1986/1919
f 1919/1986/1919 1277/1979/1277 417/1981/417 1261/1988/1261
f 1279/1987/1279 1919/1986/1919 1261/1988/1261 418/1989/418
f 396/1884/396 1225/1883/1225 1920/1990/1920 1280/1991/1280
f 1225/1883/1225 395/1874/395 1278/1983/1278 1920/1990/1920
f 1920/1990/1920 1278/1983/1278 410/1985/410 1254/1992/1254
f 1280/1991/1280 1920/1990/1920 1254/1992/1254 411/1993/411
f 404/1890/404 1233/1889/1233 1921/1994/1921 1267/1931/1267
f 1233/1889/1233 403/1880/403 1279/1987/1279 1921/1994/1921
f 1921/1994/1921 1279/1987/1279 418/1989/418 1262/1995/1262
f 1267/1931/1267 1921/1994/1921 1262/1995/1262 419/1932/419
f 397/1894/397 1226/1893/1226 1922/1996/1922 1269/1937/1269
f 1226/1893/1226 396/1884/396 1280/1991/1280 1922/1996/1922
f 1922/1996/1922 1280/1991/1280 411/1993/411 1255/1997/1255
f 1269/1937/1269 1922/1996/1922 1255/1997/1255 412/1938/412
f 409/1977/409 1252/1976/1252 1923/1998/1923 1295/1999/1295
f 1252/1976/1252 408/1967/408 1296/2000/1296 1923/1998/1923
f 1923/1998/1923 1296/2000/1296 423/2001/423 1281/2002/1281
f 1295/1999/1295 1923/1998/1923 1281/2002/1281 424/2003/424
f 417/1981/417 1260/1980/1260 1924/2004/1924 1297/2005/1297
f 1260/1980/1260 416/1973/416 1298/2006/1298 1924/2004/1924
f 1924/2004/1924 1298/2006/1298 431/2007/431 1289/2008/1289
f 1297/2005/1297 1924/2004/1924 1289/2008/1289 432/2009/432
f 410/1985/410 1253/1984/1253 1925/2010/1925 1299/2011/1299
f 1253/1984/1253 409/1977/409 1295/1999/1295 1925/2010/1925
f 1925/2010/1925 1295/1999/1295 424/2003/424 1282/2012/1282
f 1299/2011/1299 1925/2010/1925 1282/2012/1282 425/2013/425
f 418/1989/418 1261/1988/1261 1926/2014/1926 1300/2015/1300
f 1261/1988/1261 417/1981/417 1297/2005/1297 1926/2014/1926
f 1926/2014/1926 1297/2005/1297 432/2009/432 1290/2016/1290
f 1300/2015/1300 1926/2014/1926 1290/2016/1290 433/2017/433
f 411/1993/411 1254/1992/1254 1927/2018/1927 1301/2019/1301
f 1254/1992/1254 410/1985/410 1299/2011/1299 1927/2018/1927
f 1927/2018/1927 1299/2011/1299 425/2013/425 1283/2020/1283
f 1301/2019/1301 1927/2018/1927 1283/2020/1283 426/2021/426
f 419/1932/419 1262/1995/1262 1928/2022/1928 1302/2023/1302
f 1262/1995/1262 418/1989/418 1300/2015/1300 1928/2022/1928
f 1928/2022/1928 1300/2015/1300 433/2017/433 1291/2024/1291
f 1302/2023/1302 1928/2022/1928 1291/2024/1291 434/2025/434
f 412/1938/412 1255/1997/1255 1929/2026/1929 1303/2027/1303
f 1255/1997/1255 411/1993/411 1301/2019/1301 1929/2026/1929
f 1929/2026/1929 1301/2019/1301 426/2021/426 1284/2028/1284
f 1303/2027/1303 1929/2026/1929 1284/2028/1284 427/2029/427
f 420/1934/420 1263/1933/1263 1930/2030/1930 1304/2031/1304
f 1263/1933/1263 419/1932/419 1302/2023/1302 1930/2030/1930
f 1930/2030/1930 1302/2023/1302 434/2025/434 1292/2032/1292
f 1304/2031/1304 1930/2030/1930 1292/2032/1292 435/2033/435
f 413/1943/413 1256/1942/1256 1931/2034/1931 1305/2035/1305
f 1256/1939/1256 412/1938/412 1303/2027/1303 1931/2036/1931
f 1931/2034/1931 1303/2037/1303 427/2038/427 1285/2039/1285
f 1305/2035/1305 1931/2034/1931 1285/2039/1285 428/2040/428
f 421/1950/421 1264/1949/1264 1932/2041/1932 1306/2042/1306
f 1264/1948/1264 420/1934/420 1304/2031/1304 1932/2043/1932
f 1932/2043/1932 1304/2031/1304 435/2033/435 1293/2044/1293
f 1306/2042/1306 1932/2041/1932 1293/2045/1293 436/2046/436
f 414/1955/414 1257/1954/1257 1933/2047/1933 1307/2048/1307
f 1257/1954/1257 413/1943/413 1305/2035/1305 1933/2047/1933
f 1933/2047/1933 1305/2035/1305 428/2040/428 1286/2049/1286
f 1307/2048/1307 1933/2047/1933 1286/2049/1286 429/2050/429
f 422/1959/422 1265/1958/1265 1934/2051/1934 1308/2052/1308
f 1265/1958/1265 421/1950/421 1306/2042/1306 1934/2051/1934
f 1934/2051/1934 1306/2042/1306 436/2046/436 1294/2053/1294
f 1308/2052/1308 1934/2051/1934 1294/2053/1294 437/2054/437
f 415/1963/415 1258/1962/1258 1935/2055/1935 1309/2056/1309
f 1258/1962/1258 414/1955/414 1307/2048/1307 1935/2055/1935
f 1935/2055/1935 1307/2048/1307 429/2050/429 1287/2057/1287
f 1309/2056/1309 1935/2055/1935 1287/2057/1287 430/2058/430
f 408/1967/408 1467/1966/1467 1936/2059/1936 1296/2000/1296
f 257/35/257 1469/2060/1469 1936/2059/1936 1467/1966/1467
f 423/2001/423 1296/2000/1296 1936/2059/1936 1469/2060/1469
f 1/38/1 1468/1969/1468 1937/2061/1937 1470/2062/1470
f 422/1959/422 1308/2052/1308 1937/2061/1937 1468/1969/1468
f 437/2054/437 1470/2062/1470 1937/2061/1937 1308/2052/1308
f 416/1973/416 1259/1972/1259 1938/2063/1938 1298/2006/1298
f 1259/1972/1259 415/1963/415 1309/2056/1309 1938/2063/1938
f 1938/2063/1938 1309/2056/1309 430/2058/430 1288/2064/1288
f 1298/2006/1298 1938/2063/1938 1288/2064/1288 431/2007/431
f 428/2040/428 1285/2039/1285 1939/2065/1939 1324/2066/1324
f 1285/2039/1285 427/2038/427 1325/2067/1325 1939/2065/1939
f 1939/2065/1939 1325/2067/1325 442/2068/442 1314/2069/1314
f 1324/2066/1324 1939/2065/1939 1314/2069/1314 443/2070/443
f 436/2046/436 1293/2045/1293 1940/2071/1940 1326/2072/1326
f 1293/2044/1293 435/2033/435 1327/2073/1327 1940/2074/1940
f 1940/2074/1940 1327/2073/1327 450/2075/450 1322/2076/1322
f 1326/2072/1326 1940/2071/1940 1322/2077/1322 451/2078/451
f 429/2050/429 1286/2049/1286 1941/2079/1941 1328/2080/1328
f 1286/2049/1286 428/2040/428 1324/2066/1324 1941/2079/1941
f 1941/2079/1941 1324/2066/1324 443/2070/443 1315/2081/1315
f 1328/2080/1328 1941/2079/1941 1315/2081/1315 444/2082/444
f 437/2054/437 1294/2053/1294 1942/2083/1942 1329/2084/1329
f 1294/2053/1294 436/2046/436 1326/2072/1326 1942/2083/1942
f 1942/2083/1942 1326/2072/1326 451/2078/451 1323/2085/1323
f 1329/2084/1329 1942/2083/1942 1323/2085/1323 452/2086/452
f 430/2058/430 1287/2057/1287 1943/2087/1943 1330/2088/1330
f 1287/2057/1287 429/2050/429 1328/2080/1328 1943/2087/1943
f 1943/2087/1943 1328/2080/1328 444/2082/444 1316/2089/1316
f 1330/2088/1330 1943/2087/1943 1316/2089/1316 445/2090/445
f 423/2001/423 1469/2060/1469 1944/2091/1944 1331/2092/1331
f 257/35/257 1471/2093/1471 1944/2091/1944 1469/2060/1469
f 438/2094/438 1331/2092/1331 1944/2091/1944 1471/2093/1471
f 1/38/1 1470/2062/1470 1945/2095/1945 1472/2096/1472
f 437/2054/437 1329/2084/1329 1945/2095/1945 1470/2062/1470
f 452/2086/452 1472/2096/1472 1945/2095/1945 1329/2084/1329
f 431/2007/431 1288/2064/1288 1946/2097/1946 1332/2098/1332
f 1288/2064/1288 430/2058/430 1330/2088/1330 1946/2097/1946
f 1946/2097/1946 1330/2088/1330 445/2090/445 1317/2099/1317
f 1332/2098/1332 1946/2097/1946 1317/2099/1317 446/2100/446
f 424/2003/424 1281/2002/1281 1947/2101/1947 1333/2102/1333
f 1281/2002/1281 423/2001/423 1331/2092/1331 1947/2101/1947
f 1947/2101/1947 1331/2092/1331 438/2094/438 1310/2103/1310
f 1333/2102/1333 1947/2101/1947 1310/2103/1310 439/2104/439
f 432/2009/432 1289/2008/1289 1948/2105/1948 1334/2106/1334
f 1289/2008/1289 431/2007/431 1332/2098/1332 1948/2105/1948
f 1948/2105/1948 1332/2098/1332 446/2100/446 1318/2107/1318
f 1334/2106/1334 1948/2105/1948 1318/2107/1318 447/2108/447
f 425/2013/425 1282/2012/1282 1949/2109/1949 1335/2110/1335
f 1282/2012/1282 424/2003/424 1333/2102/1333 1949/2109/1949
f 1949/2109/1949 1333/2102/1333 439/2104/439 1311/2111/1311
f 1335/2110/1335 1949/2109/1949 1311/2111/1311 440/2112/440
f 433/2017/433 1290/2016/1290 1950/2113/1950 1336/2114/1336
f 1290/2016/1290 432/2009/432 1334/2106/1334 1950/2113/1950
f 1950/2113/1950 1334/2106/1334 447/2108/447 1319/2115/1319
f 1336/2114/1336 1950/2113/1950 1319/2115/1319 448/2116/448
f 426/2021/426 1283/2020/1283 1951/2117/1951 1337/2118/1337
f 1283/2020/1283 425/2013/425 1335/2110/1335 1951/2117/1951
f 1951/2117/1951 1335/2110/1335 440/2112/440 1312/2119/1312
f 1337/2118/1337 1951/2117/1951 1312/2119/1312 441/2120/441
f 434/2025/434 1291/2024/1291 1952/2121/1952 1338/2122/1338
f 1291/2024/1291 433/2017/433 1336/2114/1336 1952/2121/1952
f 1952/2121/1952 1336/2114/1336 448/2116/448 1320/2123/1320
f 1338/2122/1338 1952/2121/1952 1320/2123/1320 449/2124/449
f 427/2029/427 1284/2028/1284 1953/2125/1953 1325/2126/1325
f 1284/2028/1284 426/2021/426 1337/2118/1337 1953/2125/1953
f 1953/2125/1953 1337/2118/1337 441/2120/441 1313/2127/1313
f 1325/2126/1325 1953/2125/1953 1313/2127/1313 442/2128/442
f 435/2033/435 1292/2032/1292 1954/2129/1954 1327/2073/1327
f 1292/2032/1292 434/2025/434 1338/2122/1338 1954/2129/1954
f 1954/2129/1954 1338/2122/1338 449/2124/449 1321/2130/1321
f 1327/2073/1327 1954/2129/1954 1321/2130/1321 450/2075/450
f 447/2108/447 1318/2107/1318 1955/2131/1955 1353/2132/1353
f 1318/2107/1318 446/2100/446 1354/2133/1354 1955/2131/1955
f 1955/2131/1955 1354/2133/1354 461/2134/461 1347/2135/1347
f 1353/2132/1353 1955/2131/1955 1347/2135/1347 462/2136/462
f 440/2112/440 1311/2111/1311 1956/2137/1956 1355/2138/1355
f 1311/2111/1311 439/2104/439 1356/2139/1356 1956/2137/1956
f 1956/2137/1956 1356/2139/1356 454/2140/454 1340/2141/1340
f 1355/2138/1355 1956/2137/1956 1340/2141/1340 455/2142/455
f 448/2116/448 1319/2115/1319 1957/2143/1957 1357/2144/1357
f 1319/2115/1319 447/2108/447 1353/2132/1353 1957/2143/1957
f 1957/2143/1957 1353/2132/1353 462/2136/462 1348/2145/1348
f 1357/2144/1357 1957/2143/1957 1348/2145/1348 463/2146/463
f 441/2120/441 1312/2119/1312 1958/2147/1958 1358/2148/1358
f 1312/2119/1312 440/2112/440 1355/2138/1355 1958/2147/1958
f 1958/2147/1958 1355/2138/1355 455/2142/455 1341/2149/1341
f 1358/2148/1358 1958/2147/1958 1341/2149/1341 456/2150/456
f 449/2124/449 1320/2123/1320 1959/2151/1959 1359/2152/1359
f 1320/2123/1320 448/2116/448 1357/2144/1357 1959/2151/1959
f 1959/2151/1959 1357/2144/1357 463/2146/463 1349/2153/1349
f 1359/2152/1359 1959/2151/1959 1349/2153/1349 464/2154/464
f 442/2128/442 1313/2127/1313 1960/2155/1960 1360/2156/1360
f 1313/2127/1313 441/2120/441 1358/2148/1358 1960/2155/1960
f 1960/2155/1960 1358/2148/1358 456/2150/456 1342/2157/1342
f 1360/2158/1360 1960/2159/1960 1342/2160/1342 457/2161/457
f 450/2075/450 1321/2130/1321 1961/2162/1961 1361/2163/1361
f 1321/2130/1321 449/2124/449 1359/2152/1359 1961/2162/1961
f 1961/2162/1961 1359/2152/1359 464/2154/464 1350/2164/1350
f 1361/2163/1361 1961/2162/1961 1350/2164/1350 465/2165/465
f 443/2070/443 1314/2069/1314 1962/2166/1962 1362/2167/1362
f 1314/2069/1314 442/2068/442 1360/2158/1360 1962/2166/1962
f 1962/2166/1962 1360/2158/1360 457/2161/457 1343/2168/1343
f 1362/2167/1362 1962/2166/1962 1343/2168/1343 458/2169/458
f 451/2078/451 1322/2077/1322 1963/2170/1963 1363/2171/1363
f 1322/2076/1322 450/2075/450 1361/2163/1361 1963/2172/1963
f 1963/2172/1963 1361/2163/1361 465/2165/465 1351/2173/1351
f 1363/2171/1363 1963/2170/1963 1351/2174/1351 466/2175/466
f 444/2082/444 1315/2081/1315 1964/2176/1964 1364/2177/1364
f 1315/2081/1315 443/2070/443 1362/2167/1362 1964/2176/1964
f 1964/2176/1964 1362/2167/1362 458/2169/458 1344/2178/1344
f 1364/2177/1364 1964/2176/1964 1344/2178/1344 459/2179/459
f 452/2086/452 1323/2085/1323 1965/2180/1965 1365/2181/1365
f 1323/2085/1323 451/2078/451 1363/2171/1363 1965/2180/1965
f 1965/2180/1965 1363/2171/1363 466/2175/466 1352/2182/1352
f 1365/2181/1365 1965/2180/1965 1352/2182/1352 467/2183/467
f 445/2090/445 1316/2089/1316 1966/2184/1966 1366/2185/1366
f 1316/2089/1316 444/2082/444 1364/2177/1364 1966/2184/1966
f 1966/2184/1966 1364/2177/1364 459/2179/459 1345/2186/1345
f 1366/2185/1366 1966/2184/1966 1345/2186/1345 460/2187/460
f 438/2094/438 1471/2093/1471 1967/2188/1967 1367/2189/1367
f 257/35/257 1473/2190/1473 1967/2188/1967 1471/2093/1471
f 453/2191/453 1367/2189/1367 1967/2188/1967 1473/2190/1473
f 1/38/1 1472/2096/1472 1968/2192/1968 1474/2193/1474
f 452/2086/452 1365/2181/1365 1968/2192/1968 1472/2096/1472
f 467/2183/467 1474/2193/1474 1968/2192/1968 1365/2181/1365
f 446/2100/446 1317/2099/1317 1969/2194/1969 1354/2133/1354
f 1317/2099/1317 445/2090/445 1366/2185/1366 1969/2194/1969
f 1969/2194/1969 1366/2185/1366 460/2187/460 1346/2195/1346
f 1354/2133/1354 1969/2194/1969 1346/2195/1346 461/2134/461
f 439/2104/439 1310/2103/1310 1970/2196/1970 1356/2139/1356
f 1310/2103/1310 438/2094/438 1367/2189/1367 1970/2196/1970
f 1970/2196/1970 1367/2189/1367 453/2191/453 1339/2197/1339
f 1356/2139/1356 1970/2196/1970 1339/2197/1339 454/2140/454
f 466/2175/466 1351/2174/1351 1971/2198/1971 1382/2199/1382
f 1351/2174/1351 465/2200/465 1383/2201/1383 1971/2198/1971
f 1971/2198/1971 1383/2201/1383 480/5/480 1380/2/1380
f 1382/2199/1382 1971/2198/1971 1380/2/1380 481/1/481
f 459/2179/459 1344/2178/1344 1972/2202/1972 1384/2203/1384
f 1344/2178/1344 458/2169/458 1385/2204/1385 1972/2202/1972
f 1972/2202/1972 1385/2204/1385 473/14/473 1373/11/1373
f 1384/2203/1384 1972/2202/1972 1373/11/1373 474/10/474
f 467/2183/467 1352/2182/1352 1973/2205/1973 1386/2206/1386
f 1352/2182/1352 466/2175/466 1382/2199/1382 1973/2205/1973
f 1973/2205/1973 1382/2199/1382 481/1/481 1381/20/1381
f 1386/2206/1386 1973/2205/1973 1381/20/1381 482/19/482
f 460/2187/460 1345/2186/1345 1974/2207/1974 1387/2208/1387
f 1345/2186/1345 459/2179/459 1384/2203/1384 1974/2207/1974
f 1974/2207/1974 1384/2203/1384 474/10/474 1374/26/1374
f 1387/2208/1387 1974/2207/1974 1374/26/1374 475/25/475
f 453/2191/453 1473/2190/1473 1975/2209/1975 1388/2210/1388
f 257/35/257 1397/32/1397 1975/2209/1975 1473/2190/1473
f 468/31/468 1388/2210/1388 1975/2209/1975 1397/32/1397
f 1/38/1 1474/2193/1474 1976/2211/1976 1398/39/1398
f 467/2183/467 1386/2206/1386 1976/2211/1976 1474/2193/1474
f 482/19/482 1398/39/1398 1976/2211/1976 1386/2206/1386
f 461/2134/461 1346/2195/1346 1977/2212/1977 1389/2213/1389
f 1346/2195/1346 460/2187/460 1387/2208/1387 1977/2212/1977
f 1977/2212/1977 1387/2208/1387 475/25/475 1375/43/1375
f 1389/2213/1389 1977/2212/1977 1375/43/1375 476/42/476
f 454/2140/454 1339/2197/1339 1978/2214/1978 1390/2215/1390
f 1339/2197/1339 453/2191/453 1388/2210/1388 1978/2214/1978
f 1978/2214/1978 1388/2210/1388 468/31/468 1368/49/1368
f 1390/2215/1390 1978/2214/1978 1368/49/1368 469/48/469
f 462/2136/462 1347/2135/1347 1979/2216/1979 1391/2217/1391
f 1347/2135/1347 461/2134/461 1389/2213/1389 1979/2216/1979
f 1979/2216/1979 1389/2213/1389 476/42/476 1376/55/1376
f 1391/2217/1391 1979/2216/1979 1376/55/1376 477/54/477
f 455/2142/455 1340/2141/1340 1980/2218/1980 1392/2219/1392
f 1340/2141/1340 454/2140/454 1390/2215/1390 1980/2218/1980
f 1980/2218/1980 1390/2215/1390 469/48/469 1369/61/1369
f 1392/2219/1392 1980/2218/1980 1369/61/1369 470/60/470
f 463/2146/463 1348/2145/1348 1981/2220/1981 1393/2221/1393
f 1348/2145/1348 462/2136/462 1391/2217/1391 1981/2220/1981
f 1981/2220/1981 1391/2217/1391 477/54/477 1377/67/1377
f 1393/2221/1393 1981/2220/1981 1377/67/1377 478/66/478
f 456/2150/456 1341/2149/1341 1982/2222/1982 1394/2223/1394
f 1341/2149/1341 455/2142/455 1392/2219/1392 1982/2222/1982
f 1982/2222/1982 1392/2219/1392 470/60/470 1370/73/1370
f 1394/2223/1394 1982/2222/1982 1370/73/1370 471/72/471
f 464/2154/464 1349/2153/1349 1983/2224/1983 1395/2225/1395
f 1349/2153/1349 463/2146/463 1393/2221/1393 1983/2224/1983
f 1983/2224/1983 1393/2221/1393 478/66/478 1378/79/1378
f 1395/2225/1395 1983/2224/1983 1378/79/1378 479/78/479
f 457/2161/457 1342/2160/1342 1984/2226/1984 1396/2227/1396
f 1342/2157/1342 456/2150/456 1394/2223/1394 1984/2228/1984
f 1984/2228/1984 1394/2223/1394 471/72/471 1371/88/1371
f 1396/2227/1396 1984/2226/1984 1371/85/1371 472/84/472
f 465/2165/465 1350/2164/1350 1985/2229/1985 1383/2230/1383
f 1350/2164/1350 464/2154/464 1395/2225/1395 1985/2229/1985
f 1985/2229/1985 1395/2225/1395 479/78/479 1379/97/1379
f 1383/2230/1383 1985/2229/1985 1379/97/1379 480/96/480
f 458/2169/458 1343/2168/1343 1986/2231/1986 1385/2204/1385
f 1343/2168/1343 457/2161/457 1396/2227/1396 1986/2231/1986
f 1986/2231/1986 1396/2227/1396 472/84/472 1372/102/1372
f 1385/2204/1385 1986/2231/1986 1372/102/1372 473/14/473
